grad_rate,ECONOMICALLY_DISADVANTAGED,H_Female,AA_FEMALE,W_FEMALE,AA_MALE,W_MALE,H_MALE,AA,H,W,Expend_per_pupil,CHRONIC_ABSENT
0.96,0.2474418604651163,0.008372093023255816,0.002790697674418605,0.4651162790697674,0.007441860465116278,0.5004651162790698,0.0018604651162790694,0.010232558139534885,0.010232558139534885,0.9655813953488372,9171.37,0.15100001
0.95,0.3392857142857143,0.010714285714285714,0.02053571428571429,0.40982142857142856,0.019642857142857142,0.5053571428571428,0.01607142857142857,0.04017857142857143,0.026785714285714284,0.9151785714285714,9523.76,0.17799999
0.92,0.19985775248933146,0.04409672830725463,0.07041251778093884,0.35135135135135137,0.08534850640113797,0.3463726884779517,0.04694167852062589,0.15576102418207682,0.09103840682788053,0.697724039829303,12546.31,0.175
0.98,0.19334719334719336,0.037422037422037424,0.016632016632016633,0.38253638253638256,0.027027027027027032,0.4823284823284824,0.037422037422037424,0.04365904365904366,0.07484407484407485,0.8648648648648649,9106.97,0.171
0.89,0.37184594953519257,0.1693227091633466,0.08632138114209828,0.22841965471447545,0.08300132802124834,0.2556440903054449,0.16069057104913678,0.1693227091633466,0.3300132802124834,0.4840637450199203,7418.07,0.16899999999999998
0.91,0.23782771535580524,0.05617977528089888,0.020599250936329583,0.40823970037453183,0.02247191011235955,0.4232209737827715,0.0599250936329588,0.04307116104868914,0.11610486891385767,0.8314606741573034,8279.85,0.16899999999999998
0.94,0.32653061224489793,0.006279434850863423,0.01098901098901099,0.4615384615384616,0.0282574568288854,0.4631083202511774,0.012558869701726844,0.03924646781789639,0.018838304552590262,0.9246467817896388,9673.19,0.134
0.93,0.3864077669902913,0.021359223300970873,0.009708737864077669,0.4155339805825243,0.007766990291262136,0.4893203883495146,0.03883495145631068,0.017475728155339806,0.06019417475728155,0.9048543689320389,10027.42,0.19299999
0.93,0.20773638968481373,0.03581661891117478,0.009312320916905445,0.4376790830945559,0.014326647564469915,0.4491404011461318,0.0336676217765043,0.02363896848137536,0.06948424068767907,0.8868194842406877,9268.68,0.088999994
0.93,0.15116976604679064,0.017396520695860833,0.008398320335932814,0.4691061787642472,0.017396520695860833,0.4571085782843432,0.01859628074385123,0.02579484103179364,0.035992801439712056,0.9262147570485902,8945.95,0.09
0.99,0.21847507331378305,0.05131964809384165,0.11730205278592375,0.28152492668621704,0.1217008797653959,0.3460410557184751,0.04398826979472141,0.2390029325513197,0.09530791788856303,0.6275659824046921,11480.54,0.08800000000000001
0.94,0.11755102040816325,0.024489795918367342,0.02938775510204081,0.4040816326530613,0.028571428571428567,0.4612244897959184,0.024489795918367342,0.05795918367346939,0.048979591836734684,0.8653061224489796,10737.01,0.12290843
0.92,0.3041958041958042,0.0203962703962704,0.02097902097902098,0.4411421911421912,0.026806526806526808,0.4586247086247086,0.022727272727272728,0.04778554778554778,0.04312354312354312,0.8997668997668997,7898.91,0.19299999
0.96,0.17623762376237626,0.027722772277227727,0.0231023102310231,0.4231023102310231,0.022442244224422443,0.46402640264026396,0.027062706270627058,0.045544554455445536,0.05478547854785479,0.8871287128712871,8327.42,0.077
0.9,0.3805049911920141,0.10334703464474457,0.06811509101585438,0.2795067527891955,0.06987668819729888,0.33294186729301234,0.10745742806811508,0.13799177921315325,0.21080446271285969,0.6124486200822079,8694.17,0.14800000000000002
0.91,0.3571972581873572,0.0099009900990099,0.0007616146230007616,0.4645849200304646,0.005331302361005331,0.5026656511805027,0.007616146230007615,0.006092916984006093,0.017517136329017517,0.9672505712109672,8042.9,0.225
0.91,0.2465034965034965,0.02097902097902098,0.0034965034965034965,0.4755244755244755,0.013986013986013986,0.4667832167832168,0.013986013986013986,0.017482517482517484,0.03496503496503497,0.9423076923076924,8919.14,0.106000006
0.98,0.4431137724550898,0.03892215568862276,0.05688622754491018,0.3772455089820359,0.05988023952095808,0.4431137724550898,0.017964071856287425,0.11676646706586828,0.05688622754491018,0.8203592814371258,10906.69,0.08800000000000001
0.97,0.2572178477690289,0.023622047244094488,0.07874015748031496,0.3832020997375328,0.08923884514435695,0.3937007874015748,0.02099737532808399,0.1679790026246719,0.044619422572178484,0.7769028871391076,8808.59,0.12290843
0.92,0.381489841986456,0.01805869074492099,0.0564334085778781,0.3950338600451467,0.04740406320541761,0.4559819413092551,0.011286681715575621,0.1038374717832957,0.02934537246049661,0.8510158013544018,9223.94,0.081
0.87,0.42829076620825146,0.003929273084479371,0.001964636542239685,0.4616895874263262,0.009823182711198428,0.5049115913555993,0.011787819253438114,0.011787819253438114,0.015717092337917484,0.9666011787819252,8797.47,0.384
0.89,0.24019024970273484,0.005945303210463734,0.03210463733650416,0.4447086801426873,0.023781212841854936,0.4673008323424495,0.009512485136741971,0.0558858501783591,0.015457788347205709,0.9120095124851368,9876.13,0.17
0.91,0.2688,0.0432,0.024,0.4048,0.0192,0.4576,0.0384,0.0432,0.0816,0.8624,7742.69,0.313
0.94,0.16604477611940302,0.026119402985074626,0.011194029850746268,0.4701492537313433,0.009328358208955223,0.4421641791044776,0.024253731343283583,0.02052238805970149,0.050373134328358216,0.9123134328358208,8106.16,0.23600000000000002
0.92,0.19605077574047955,0.015514809590973204,0.008462623413258109,0.4682651622002821,0.014104372355430184,0.456981664315938,0.02679830747531735,0.02256699576868829,0.04231311706629055,0.9252468265162199,7439.4,0.192
0.96,0.24361948955916474,0.01508120649651972,0.06264501160092807,0.4176334106728538,0.06032482598607888,0.4245939675174014,0.010440835266821344,0.12296983758700696,0.025522041763341063,0.8422273781902552,8587.71,0.19899999999999998
0.95,0.2795497185741088,0.00375234521575985,0.0150093808630394,0.4878048780487805,0.0075046904315197,0.476547842401501,0.00375234521575985,0.0225140712945591,0.0075046904315197,0.9643527204502814,9503.55,0.265
0.91,0.3679245283018868,0.012129380053908356,0.009433962264150943,0.4366576819407008,0.009433962264150943,0.5080862533692723,0.008086253369272238,0.018867924528301886,0.02021563342318059,0.944743935309973,9259.17,0.225
0.98,0.3312302839116719,0.01577287066246057,0.00946372239747634,0.4921135646687697,0.00946372239747634,0.4637223974763407,0.003154574132492113,0.01892744479495268,0.01892744479495268,0.9558359621451104,9043.88,0.153
0.93,0.4132231404958678,0.012396694214876032,0.01900826446280992,0.4223140495867769,0.01900826446280992,0.503305785123967,0.00909090909090909,0.03801652892561983,0.021487603305785124,0.9256198347107438,9129.15,0.301
0.92,0.35869565217391297,0.01358695652173913,0.008152173913043478,0.4945652173913043,0.01358695652173913,0.4429347826086957,0.016304347826086956,0.021739130434782608,0.029891304347826088,0.9375,11171.83,0.316
0.92,0.2476038338658147,0.03274760383386582,0.014376996805111819,0.4552715654952077,0.02715654952076677,0.4233226837060703,0.031150159744408944,0.041533546325878586,0.06389776357827476,0.8785942492012779,8758.93,0.141
0.91,0.2048309178743961,0.025120772946859903,0.042512077294685986,0.3855072463768116,0.05603864734299517,0.4260869565217391,0.025120772946859903,0.09855072463768116,0.050241545893719805,0.8115942028985508,10789.43,0.204
0.96,0.30609896432681244,0.07940161104718067,0.0805523590333717,0.3222094361334868,0.07825086306098965,0.3394706559263521,0.09090909090909093,0.15880322209436135,0.17031070195627154,0.6616800920598389,7962.5,0.061
0.95,0.2808764940239044,0.022908366533864542,0.006972111553784861,0.4442231075697211,0.0049800796812749,0.4790836653386454,0.025896414342629483,0.011952191235059759,0.04880478087649402,0.9233067729083664,8526.73,0.15100001
0.92,0.24801587301587305,0.02083333333333333,0.002976190476190476,0.4513888888888889,0.003968253968253968,0.4722222222222222,0.03571428571428571,0.006944444444444444,0.05654761904761905,0.9236111111111112,8097.27,0.157
0.78,0.19553072625698326,0.06145251396648045,0.19832402234636876,0.3379888268156425,0.0977653631284916,0.1871508379888268,0.036312849162011177,0.2960893854748604,0.0977653631284916,0.5251396648044693,20187.79,0.19600001
0.73,0.3893485005170631,0.17114788004136505,0.17735263702171666,0.09307135470527404,0.18665977249224405,0.13340227507755947,0.19338159255429166,0.3640124095139607,0.3645294725956567,0.2264736297828335,12154.7,0.271
0.84,0.3647944412275623,0.16328894035900404,0.18645049218297627,0.08222350897510132,0.20613781123335265,0.08743485813549508,0.17834394904458598,0.3925883034163289,0.34163288940359005,0.1696583671105964,11915.76,0.24
0.92,0.28736581337737405,0.022295623451692816,0.2667217175887696,0.17423616845582166,0.2551610239471511,0.20313790255986788,0.03881090008257639,0.5218827415359207,0.0611065235342692,0.3773740710156896,10100.17,0.23600000000000002
0.83,0.3588818755635708,0.062218214607754736,0.1532912533814247,0.19296663660955812,0.1848512173128945,0.2398557258791704,0.09918845807033363,0.3381424706943192,0.16140667267808834,0.4328223624887286,13784.2,0.24700001
0.96,0.2248062015503876,0.062015503875968984,0.31007751937984496,0.21705426356589147,0.13953488372093026,0.21705426356589147,0.03875968992248062,0.4496124031007752,0.1007751937984496,0.4341085271317829,12247.94,0.161
0.77,0.6496732026143791,0.07973856209150326,0.3660130718954248,0.036601307189542485,0.3647058823529412,0.036601307189542485,0.10196078431372547,0.7307189542483659,0.18169934640522875,0.07320261437908497,13665.26,0.496
0.8,0.4074074074074074,0.08714596949891068,0.20871459694989106,0.19128540305010894,0.19302832244008716,0.19782135076252724,0.09193899782135076,0.4017429193899782,0.17908496732026144,0.38910675381263615,12344.5,0.222
0.64,0.730185497470489,0.011804384485666104,0.4806070826306914,0.0067453625632377745,0.4603709949409781,0.01517706576728499,0.023608768971332208,0.9409780775716696,0.03541315345699832,0.02192242833052277,14988.88,0.41700000000000004
0.69,0.373134328358209,0.1044776119402985,0.22388059701492535,0.19402985074626866,0.20895522388059698,0.14925373134328354,0.11940298507462685,0.4328358208955224,0.22388059701492535,0.34328358208955223,18582.45,0.12290843
0.86,0.6640159045725647,0.04870775347912525,0.33697813121272363,0.05864811133200795,0.3747514910536779,0.1172962226640159,0.03479125248508946,0.7117296222664016,0.08349900596421471,0.17594433399602386,13600.08,0.40399999999999997
0.77,0.5898617511520737,0.016897081413210446,0.4470046082949309,0.04301075268817205,0.3778801843317972,0.07987711213517665,0.02918586789554532,0.8248847926267281,0.04608294930875576,0.1228878648233487,14322.38,0.41900003
0.84,0.5012919896640827,0.1421188630490956,0.32299741602067183,0.0103359173126615,0.3514211886304909,0.031007751937984492,0.13695090439276486,0.6744186046511628,0.2790697674418605,0.041343669250646004,5449.59,0.147
0.91,0.4519519519519519,0.14564564564564564,0.3183183183183183,0.04204204204204205,0.2897897897897898,0.040540540540540536,0.15165165165165165,0.6081081081081081,0.2972972972972973,0.08258258258258258,5449.59,0.313
0.93,0.3984375,0.015625,0.03125,0.416015625,0.0234375,0.478515625,0.0234375,0.0546875,0.0390625,0.89453125,8393.17,0.213
0.94,0.312124849939976,0.050420168067226885,0.010804321728691477,0.3889555822328932,0.014405762304921969,0.4561824729891957,0.07082833133253301,0.025210084033613446,0.1212484993997599,0.8451380552220888,7933.01,0.204
0.93,0.2094240837696335,0.016753926701570682,0.010471204188481676,0.42094240837696334,0.012565445026178013,0.5204188481675392,0.011518324607329844,0.023036649214659685,0.028272251308900525,0.9413612565445026,8279.13,0.12290843
0.95,0.2371752165223185,0.03530979347101932,0.05129913391072618,0.3817455029980013,0.05129913391072618,0.4217188540972685,0.03997335109926715,0.10259826782145236,0.07528314457028648,0.8034643570952699,7911.36,0.081999995
0.97,0.3059636992221262,0.014693171996542784,0.03802938634399308,0.4217804667242869,0.05185825410544512,0.4477095937770095,0.01901469317199654,0.0898876404494382,0.033707865168539325,0.8694900605012964,9212.07,0.18600000000000003
0.9,0.360056258790436,0.026722925457102677,0.17721518987341772,0.27566807313642755,0.1940928270042194,0.270042194092827,0.028129395218002808,0.3713080168776372,0.05485232067510549,0.5457102672292545,10748.21,0.06
0.91,0.40513392857142855,0.026785714285714284,0.3158482142857143,0.13616071428571427,0.32254464285714285,0.16183035714285715,0.02790178571428572,0.6383928571428571,0.0546875,0.29799107142857145,8368.75,0.188
0.88,0.2835249042145594,0.02298850574712644,0.0421455938697318,0.4015325670498085,0.04444444444444445,0.4459770114942529,0.02375478927203065,0.08659003831417625,0.04674329501915709,0.8475095785440613,8837.56,0.138
0.99,0.2617283950617284,0.06419753086419754,0.02469135802469136,0.3938271604938272,0.02345679012345679,0.4148148148148148,0.0654320987654321,0.04814814814814815,0.12962962962962962,0.8086419753086421,8226.78,0.05
0.85,0.5700245700245701,0.0171990171990172,0.4127764127764128,0.06633906633906632,0.3759213759213759,0.10073710073710074,0.02457002457002457,0.7886977886977887,0.04176904176904177,0.16707616707616707,12247.81,0.17799999
0.98,0.3172302737520129,0.01610305958132045,0.12560386473429952,0.3252818035426731,0.14009661835748793,0.35748792270531393,0.024154589371980683,0.26570048309178745,0.040257648953301126,0.6827697262479872,9136.43,0.087
0.96,0.44102564102564096,0.017948717948717947,0.14358974358974358,0.31025641025641026,0.1564102564102564,0.3205128205128205,0.05128205128205128,0.3,0.06923076923076922,0.6307692307692307,9838.16,0.091000006
0.9,0.2683397683397684,0.015444015444015444,0.055984555984555984,0.38996138996139,0.06756756756756757,0.4575289575289575,0.01158301158301158,0.12355212355212356,0.027027027027027032,0.8474903474903475,9519.44,0.109
0.94,0.1251700680272109,0.017687074829931974,0.024489795918367342,0.4421768707482993,0.03537414965986395,0.4421768707482993,0.020408163265306117,0.059863945578231284,0.0380952380952381,0.8843537414965986,7860.48,0.063
0.93,0.3713527851458886,0.010610079575596816,0.1206896551724138,0.3488063660477453,0.1180371352785146,0.3740053050397878,0.011936339522546418,0.2387267904509284,0.022546419098143238,0.7228116710875332,8506.44,0.195
0.93,0.26749611197511663,0.02021772939346812,0.017107309486780714,0.4681181959564541,0.017107309486780714,0.4447900466562986,0.013996889580093312,0.03421461897356143,0.03421461897356143,0.9129082426127528,9088.86,0.133
0.96,0.279826464208243,0.027114967462039046,0.0032537960954446853,0.44685466377440347,0.006507592190889371,0.4869848156182213,0.02386117136659436,0.009761388286334056,0.0509761388286334,0.9338394793926248,7539.74,0.285
0.93,0.28523489932885904,0.025167785234899327,0.003355704697986577,0.4412751677852349,0.003355704697986577,0.4815436241610738,0.035234899328859065,0.006711409395973154,0.060402684563758385,0.9228187919463088,8184.35,0.13
0.94,0.24489795918367346,0.007653061224489796,0.007653061224489796,0.4540816326530612,0.010204081632653059,0.4923469387755102,0.010204081632653059,0.017857142857142856,0.017857142857142856,0.9464285714285714,9168.59,0.077
0.88,0.31007751937984496,0.010852713178294572,0.009302325581395349,0.4418604651162791,0.004651162790697674,0.5038759689922481,0.02325581395348837,0.013953488372093023,0.034108527131782945,0.9457364341085271,7643.88,0.111
0.97,0.2256637168141593,0.00663716814159292,0.035398230088495575,0.42367256637168144,0.06637168141592921,0.40376106194690253,0.00995575221238938,0.10176991150442477,0.016592920353982302,0.8274336283185841,10739.13,0.086
0.94,0.2888015717092338,0.0962671905697446,0.03929273084479371,0.3392272429600524,0.03405370006548788,0.3470857891290111,0.12770137524557956,0.0733464309102816,0.22396856581532415,0.6863130320890635,8415.72,0.124
0.95,0.28735632183908044,0.09003831417624521,0.040229885057471264,0.3454661558109834,0.032567049808429116,0.34610472541507026,0.11685823754789272,0.07279693486590039,0.20689655172413796,0.6915708812260536,8158.28,0.103999995
0.69,0.7094155844155844,0.012987012987012988,0.4512987012987013,0.017857142857142856,0.4707792207792208,0.022727272727272728,0.022727272727272728,0.9220779220779219,0.03571428571428571,0.040584415584415584,13330.2,0.512
0.83,0.3344671201814059,0.027210884353741496,0.2301587301587301,0.21541950113378688,0.24149659863945575,0.23129251700680276,0.03968253968253968,0.471655328798186,0.06689342403628118,0.4467120181405896,10324.48,0.19700001
0.94,0.11375507835171213,0.027278003482298318,0.0922809053975624,0.3284968078932095,0.10388856645385956,0.338943702843877,0.035403366221706326,0.19616947185142194,0.06268136970400465,0.6674405107370864,9269.99,0.165
0.89,0.4527186761229314,0.15602836879432624,0.12411347517730495,0.16430260047281325,0.17139479905437352,0.17257683215130026,0.17494089834515367,0.2955082742316785,0.3309692671394799,0.33687943262411346,9889.24,0.27899998
0.98,0.03404255319148936,0.02127659574468085,0.059574468085106386,0.3872340425531915,0.059574468085106386,0.3787234042553192,0.03404255319148936,0.11914893617021274,0.05531914893617021,0.7659574468085106,5304.33,0.12290843
0.86,0.3,0.02307692307692308,0.18461538461538465,0.16923076923076924,0.2307692307692308,0.3692307692307693,0.015384615384615384,0.4153846153846154,0.038461538461538464,0.5384615384615384,11643.22,0.051999997
0.86,0.3183807439824945,0.05908096280087528,0.11597374179431072,0.2647702407002188,0.13129102844638948,0.29978118161925604,0.060175054704595186,0.24726477024070026,0.11925601750547045,0.5645514223194749,10343.92,0.21
0.88,0.21008939974457214,0.07982120051085569,0.10025542784163474,0.2879948914431673,0.12132822477650065,0.29693486590038315,0.06385696040868455,0.22158365261813534,0.14367816091954022,0.5849297573435505,8985.88,0.18100001
0.86,0.38386308068459657,0.07946210268948656,0.12224938875305626,0.2359413202933985,0.1430317848410758,0.28484107579462103,0.10268948655256724,0.265281173594132,0.1821515892420538,0.5207823960880196,10241.93,0.215
0.93,0.2328519855595668,0.01444043321299639,0.018050541516245487,0.44945848375451264,0.01263537906137184,0.4855595667870036,0.010830324909747292,0.030685920577617324,0.02527075812274368,0.9350180505415162,9995.5,0.16
0.9,0.2733118971061093,0.02572347266881029,0.01607717041800643,0.3472668810289389,0.022508038585209004,0.5466237942122186,0.02572347266881029,0.03858520900321544,0.05144694533762058,0.8938906752411575,12952.65,0.24100000000000002
0.96,0.04420731707317073,0.018292682926829267,0.008384146341463415,0.42835365853658536,0.009908536585365856,0.4679878048780488,0.020579268292682928,0.018292682926829267,0.0388719512195122,0.8963414634146342,9580.38,0.051999997
0.91,0.1915966386554622,0.02100840336134454,0.011764705882352941,0.4571428571428571,0.012605042016806723,0.4621848739495799,0.019327731092436976,0.024369747899159664,0.04033613445378152,0.9193277310924368,9490.2,0.20600000000000002
0.9,0.5249042145593871,0.057471264367816084,0.42911877394636017,0.011494252873563218,0.4157088122605364,0.013409961685823757,0.06130268199233716,0.8448275862068966,0.11877394636015325,0.024904214559386968,11033.49,0.258
0.97,0.1618705035971223,0.02877697841726619,0.10071942446043164,0.1618705035971223,0.14028776978417265,0.4676258992805755,0.04676258992805756,0.2410071942446043,0.07553956834532374,0.6294964028776978,9109.96,0.051
0.91,0.1862745098039216,0.00980392156862745,0.03594771241830065,0.4411764705882353,0.026143790849673203,0.4509803921568628,0.00980392156862745,0.062091503267973865,0.0196078431372549,0.8921568627450981,9811.26,0.15100001
0.84,0.3776520509193777,0.0099009900990099,0.3026874115983027,0.16548797736916548,0.3012729844413013,0.2079207920792079,0.005657708628005658,0.6039603960396039,0.01555869872701556,0.3734087694483734,9976.94,0.18
0.78,0.2791666666666667,0.0125,0.17916666666666667,0.30416666666666664,0.18541666666666667,0.28958333333333336,0.01875,0.3645833333333333,0.03125,0.59375,10545.01,0.141
0.96,0.3527777777777778,0.007407407407407408,0.027777777777777776,0.4583333333333333,0.024074074074074074,0.4583333333333333,0.012962962962962964,0.05185185185185185,0.02037037037037037,0.9166666666666666,8279.96,0.183
0.95,0.3786316776007498,0.014058106841611996,0.014995313964386131,0.4442361761949391,0.010309278350515464,0.4882849109653234,0.016869728209934397,0.02530459231490159,0.030927835051546393,0.9325210871602624,8659.45,0.29600000000000004
0.96,0.29699248120300753,0.013157894736842105,0.013157894736842105,0.4736842105263158,0.010338345864661655,0.4727443609022556,0.010338345864661655,0.023496240601503758,0.023496240601503758,0.9464285714285714,8392.28,0.177
0.92,0.34382284382284384,0.02797202797202797,0.32634032634032634,0.1258741258741259,0.3473193473193473,0.12937062937062938,0.03962703962703962,0.6736596736596736,0.0675990675990676,0.2552447552447553,12238.34,0.18200001
0.91,0.32045454545454544,0.014772727272727272,0.08181818181818183,0.3863636363636364,0.07954545454545454,0.4113636363636364,0.01590909090909091,0.16136363636363638,0.03068181818181818,0.7977272727272727,8732.43,0.133
0.95,0.25553319919517103,0.014084507042253518,0.006036217303822936,0.4909456740442656,0.002012072434607646,0.4708249496981891,0.014084507042253518,0.008048289738430584,0.028169014084507043,0.9617706237424548,8730.64,0.10099999999999999
0.95,0.29393627954779034,0.01027749229188078,0.0472764645426516,0.4069886947584789,0.08016443987667009,0.43473792394655697,0.01027749229188078,0.12744090441932168,0.02055498458376156,0.8417266187050358,9008.38,0.10300000000000001
0.94,0.2352941176470588,0.013725490196078431,0.00980392156862745,0.4392156862745098,0.015686274509803918,0.4843137254901961,0.02549019607843137,0.02549019607843137,0.0392156862745098,0.923529411764706,9561.99,0.153
0.95,0.2424849699398797,0.014028056112224449,0.02204408817635271,0.43687374749499003,0.018036072144288574,0.4789579158316633,0.008016032064128256,0.04008016032064128,0.02204408817635271,0.9158316633266532,10159.36,0.13699999999999998
0.92,0.2688679245283019,0.009433962264150943,0.02358490566037736,0.4410377358490566,0.025943396226415096,0.4716981132075472,0.01179245283018868,0.049528301886792456,0.021226415094339618,0.9127358490566038,9858.37,0.221
0.98,0.2432432432432433,0.01689189189189189,0.010135135135135136,0.4459459459459459,0.010135135135135136,0.4898648648648649,0.006756756756756757,0.020270270270270268,0.02364864864864865,0.9358108108108107,10638.95,0.141
0.96,0.2585278276481149,0.007181328545780971,0.03770197486535009,0.4649910233393178,0.03949730700179533,0.414721723518851,0.017953321364452424,0.07719928186714542,0.025134649910233398,0.8797127468581688,9127.89,0.159
0.96,0.3828828828828829,0.006756756756756757,0.0045045045045045045,0.44819819819819817,0.002252252252252252,0.5157657657657657,0.020270270270270268,0.006756756756756757,0.027027027027027032,0.9639639639639641,9836.25,0.141
0.96,0.30422264875239924,0.03550863723608445,0.018714011516314782,0.43857965451055664,0.016314779270633396,0.4366602687140115,0.038387715930902115,0.035028790786948184,0.07389635316698656,0.8752399232245681,8017.95,0.233
0.96,0.3704974271012007,0.0137221269296741,0.003430531732418525,0.444253859348199,0.0017152658662092624,0.5180102915951973,0.015437392795883362,0.0051457975986277885,0.029159519725557463,0.9622641509433962,11212.57,0.078
0.81,0.635036496350365,0.024817518248175185,0.4116788321167883,0.05985401459854015,0.3897810218978102,0.07445255474452554,0.030656934306569343,0.8014598540145985,0.05547445255474453,0.1343065693430657,12092.04,0.415
0.97,0.1208313194780087,0.035282745287578535,0.0541324311261479,0.3639439342677622,0.059449009183180274,0.4108264862252296,0.02851619139681005,0.11358144030932818,0.06379893668438859,0.7747704204929918,7913.92,0.17
0.94,0.2671156004489338,0.01346801346801347,0.04264870931537598,0.4208754208754209,0.0505050505050505,0.4399551066217733,0.019079685746352413,0.0931537598204265,0.03254769921436588,0.8608305274971941,9125.61,0.23200001
0.88,0.3139130434782609,0.05565217391304348,0.10782608695652174,0.3069565217391305,0.12782608695652173,0.2991304347826087,0.07652173913043478,0.2356521739130435,0.13217391304347825,0.6060869565217392,9222.63,0.252
0.82,0.3827272727272728,0.029090909090909087,0.08545454545454545,0.3381818181818182,0.1,0.4027272727272727,0.028181818181818183,0.18545454545454546,0.057272727272727274,0.740909090909091,10114.28,0.32299998
0.97,0.04151898734177215,0.02734177215189873,0.01974683544303797,0.3913924050632912,0.019240506329113925,0.4025316455696201,0.030379746835443037,0.0389873417721519,0.05772151898734178,0.7939240506329114,7782.26,0.064
0.86,0.5044510385756676,0.10682492581602374,0.19782393669634027,0.17705242334322452,0.20573689416419386,0.198813056379822,0.10979228486646883,0.4035608308605341,0.2166172106824926,0.3758654797230465,10529.28,0.354
0.94,0.19420289855072465,0.01352657004830918,0.025120772946859903,0.4289855072463768,0.024154589371980683,0.4724637681159421,0.022222222222222227,0.04927536231884058,0.035748792270531404,0.9014492753623188,8993.19,0.233
0.93,0.1588785046728972,0.03115264797507788,0.010903426791277258,0.43302180685358255,0.010124610591900313,0.4657320872274143,0.03115264797507788,0.02102803738317757,0.06230529595015576,0.8987538940809969,8266.13,0.191
0.94,0.1051108968177435,0.045323047251687565,0.05641272902603665,0.3746383799421408,0.04628736740597879,0.3924783027965285,0.04580520732883317,0.10270009643201544,0.09112825458052072,0.7671166827386693,7517.99,0.122
0.92,0.16182572614107885,0.04860699466508595,0.05038529934795495,0.3609958506224066,0.06757557794902193,0.3953764078245406,0.059869590989922936,0.11796087729697688,0.1084765856550089,0.7563722584469472,8872.73,0.213
0.95,0.23153084539223154,0.035034272658035034,0.04722010662604722,0.3945163747143945,0.0555978674790556,0.4021325209444021,0.05178979436405179,0.10281797410510282,0.08682406702208682,0.7966488956587966,8557.66,0.21899999999999997
0.9,0.23878536922015184,0.04692891649413389,0.12629399585921325,0.2946859903381642,0.11870255348516218,0.3243616287094548,0.05244996549344375,0.24499654934437545,0.09937888198757763,0.6190476190476191,8284.22,0.233
0.72,0.32857142857142857,0.014285714285714284,0.14285714285714285,0.24285714285714285,0.057142857142857134,0.4571428571428571,0.042857142857142864,0.2,0.057142857142857134,0.7,18237.58,0.6
0.94,0.5376884422110553,0.005025125628140704,0.12060301507537688,0.3165829145728643,0.18592964824120606,0.3467336683417085,0.02512562814070352,0.3065326633165829,0.03015075376884422,0.6633165829145728,13429.24,0.33200002
0.99,0.2860576923076923,0.019230769230769232,0.125,0.35336538461538464,0.1033653846153846,0.3629807692307692,0.021634615384615384,0.2283653846153846,0.040865384615384616,0.7163461538461539,10010.05,0.124
0.97,0.4355444305381727,0.0050062578222778474,0.2615769712140175,0.1802252816020025,0.27284105131414266,0.2490613266583229,0.016270337922403004,0.5344180225281602,0.02127659574468085,0.4292866082603254,9903.6,0.152
0.97,0.270985401459854,0.02281021897810219,0.01916058394160584,0.4698905109489051,0.02645985401459854,0.4333941605839416,0.020072992700729927,0.04562043795620438,0.04288321167883212,0.9032846715328468,8155.5,0.22399999
0.98,0.2607879924953096,0.00375234521575985,0.013133208255159477,0.4596622889305816,0.013133208255159477,0.4971857410881801,0.0075046904315197,0.02626641651031895,0.01125703564727955,0.9568480300187616,7904.62,0.08800000000000001
0.96,0.2484848484848485,0.010101010101010102,0.01818181818181818,0.41818181818181815,0.01818181818181818,0.496969696969697,0.026262626262626262,0.03636363636363636,0.03636363636363636,0.9151515151515152,8727.01,0.136
0.92,0.2224744608399546,0.030646992054483537,0.01021566401816118,0.4211123723041998,0.026106696935300797,0.4699205448354143,0.03291713961407492,0.03632236095346197,0.06356413166855845,0.8910329171396141,9370.86,0.214
0.94,0.2979942693409742,0.02865329512893983,0.1833810888252149,0.25787965616045844,0.1977077363896848,0.2979942693409742,0.025787965616045846,0.3810888252148997,0.05444126074498568,0.5558739255014327,9989.31,0.14800000000000002
0.95,0.1689497716894977,0.0091324200913242,0.0060882800608828,0.4550989345509893,0.0076103500761035,0.5022831050228309,0.0091324200913242,0.0136986301369863,0.0182648401826484,0.9573820395738204,9546.69,0.135
0.93,0.21595598349381015,0.07015130674002751,0.016506189821182942,0.3672627235213205,0.017881705639614855,0.4264099037138927,0.09353507565337002,0.0343878954607978,0.16368638239339753,0.7936726272352133,9850.56,0.158
0.93,0.17721518987341772,0.09282700421940927,0.010126582278481013,0.34430379746835443,0.010970464135021098,0.4210970464135021,0.10042194092827003,0.02109704641350211,0.19324894514767926,0.7654008438818566,9262.85,0.152
0.97,0.27344782034346105,0.02509907529722589,0.021136063408190225,0.4729194187582562,0.02774108322324967,0.4174372523117569,0.021136063408190225,0.0488771466314399,0.046235138705416116,0.8903566710700133,8858.54,0.10099999999999999
0.91,0.3601583113456465,0.031002638522427437,0.03891820580474934,0.4030343007915567,0.05013192612137203,0.4221635883905013,0.03759894459102903,0.08905013192612138,0.06860158311345646,0.8251978891820579,7273.6,0.157
0.96,0.2472067039106145,0.00558659217877095,0.02094972067039106,0.4441340782122905,0.013966480446927372,0.5027932960893855,0.008379888268156423,0.03491620111731844,0.013966480446927372,0.9469273743016758,7286.6,0.094
0.92,0.29914529914529914,0.01221001221001221,0.06593406593406594,0.3772893772893773,0.06715506715506715,0.4542124542124542,0.015873015873015872,0.1330891330891331,0.028083028083028084,0.8315018315018315,7843.62,0.145
0.9,0.324945295404814,0.03610503282275712,0.00437636761487965,0.4660831509846827,0.005470459518599561,0.4321663019693655,0.04266958424507659,0.009846827133479213,0.0787746170678337,0.8982494529540481,8390.38,0.168
0.81,0.5623130608175474,0.026919242273180457,0.4117647058823529,0.052841475573280165,0.4097706879361914,0.0707876370887338,0.02193419740777667,0.8215353938185443,0.04885343968095713,0.12362911266201396,10266.18,0.564
0.87,0.3256880733944954,0.04701834862385322,0.3165137614678899,0.09059633027522936,0.33830275229357804,0.125,0.06880733944954129,0.6548165137614679,0.1158256880733945,0.21559633027522934,10783.29,0.20899999
0.87,0.36860068259385664,0.032992036405005684,0.24687144482366324,0.20136518771331055,0.2445961319681456,0.23208191126279865,0.03185437997724687,0.4914675767918089,0.06484641638225255,0.4334470989761092,10557.0,0.26899999999999996
0.88,0.30868761552680224,0.020332717190388167,0.02402957486136784,0.4547134935304991,0.0277264325323475,0.4491682070240296,0.009242144177449169,0.05175600739371535,0.029574861367837338,0.9038817005545288,8100.13,0.256
0.95,0.3660933660933661,0.009828009828009828,0.085995085995086,0.3808353808353808,0.08353808353808354,0.4176904176904177,0.014742014742014744,0.16953316953316952,0.02457002457002457,0.7985257985257985,9090.7,0.18600000000000003
0.88,0.30277777777777776,0.005555555555555557,0.005555555555555557,0.4444444444444444,0.011111111111111113,0.5222222222222223,0.008333333333333333,0.016666666666666666,0.013888888888888888,0.9666666666666668,9143.32,0.301
0.91,0.31225296442687744,0.007905138339920948,0.04743083003952569,0.458498023715415,0.05533596837944664,0.4110671936758893,0.003952569169960474,0.10276679841897234,0.011857707509881422,0.8695652173913043,9223.32,0.051999997
0.99,0.2,0.013483146067415729,0.013483146067415729,0.44943820224719105,0.015730337078651686,0.498876404494382,0.0044943820224719105,0.02921348314606742,0.017977528089887642,0.9483146067415732,9344.5,0.152
0.93,0.10846560846560846,0.02513227513227513,0.01058201058201058,0.4298941798941799,0.015873015873015872,0.4986772486772487,0.013227513227513229,0.026455026455026454,0.038359788359788365,0.9285714285714286,8462.98,0.19299999
0.94,0.3010625737898465,0.0755608028335301,0.07674144037780402,0.3400236127508855,0.06493506493506493,0.3730814639905549,0.06257378984651712,0.14167650531286896,0.1381345926800472,0.7131050767414404,8772.03,0.259
0.84,0.3791329904481999,0.06318883174136664,0.16385011021307866,0.2799412196914034,0.14180749448934607,0.2667156502571639,0.06980161645848641,0.3056576047024247,0.13299044819985306,0.5466568699485672,8449.54,0.24100000000000002
0.97,0.2794846382556987,0.02576808721506442,0.00792864222001982,0.4549058473736373,0.01189296333002973,0.4747274529236869,0.017839444995044598,0.019821605550049557,0.04360753221010902,0.929633300297324,8299.45,0.09
0.96,0.2532637075718016,0.023498694516971282,0.013054830287206266,0.4647519582245431,0.02610966057441253,0.4464751958224543,0.020887728459530026,0.0391644908616188,0.044386422976501305,0.9112271540469974,10316.72,0.067
0.82,0.40145985401459855,0.012165450121654502,0.07785888077858881,0.3990267639902677,0.12408759124087593,0.3698296836982968,0.012165450121654502,0.20194647201946472,0.024330900243309004,0.7688564476885644,10527.68,0.26
0.92,0.2322357019064125,0.02253032928942808,0.010398613518197573,0.46447140381282503,0.013864818024263429,0.46273830155979206,0.013864818024263429,0.024263431542461,0.03639514731369151,0.9272097053726168,9308.09,0.11800000000000001
0.91,0.13710368466152528,0.05227077977720651,0.05055698371893744,0.37532133676092544,0.059982862039417315,0.3744644387317909,0.059982862039417315,0.11053984575835477,0.11225364181662384,0.7497857754927164,7878.77,0.14899999
0.98,0.3798165137614679,0.012844036697247707,0.007339449541284405,0.44220183486238535,0.01834862385321101,0.5045871559633027,0.005504587155963303,0.02568807339449541,0.01834862385321101,0.946788990825688,8642.26,0.087
0.92,0.2557651991614256,0.03563941299790356,0.014675052410901468,0.4056603773584906,0.007337526205450734,0.4821802935010482,0.0429769392033543,0.0220125786163522,0.07861635220125786,0.8878406708595388,9047.31,0.147
0.92,0.3089171974522293,0.04936305732484077,0.03343949044585987,0.3853503184713376,0.04777070063694268,0.410828025477707,0.05254777070063695,0.08121019108280254,0.10191082802547773,0.7961783439490446,9054.89,0.156
0.97,0.2775423728813559,0.00211864406779661,0.00847457627118644,0.45127118644067804,0.00211864406779661,0.5169491525423728,0.012711864406779662,0.01059322033898305,0.014830508474576272,0.9682203389830508,9655.8,0.129
0.88,0.3592233009708738,0.059061488673139165,0.2273462783171521,0.14967637540453074,0.24757281553398056,0.186084142394822,0.0889967637540453,0.4749190938511327,0.14805825242718446,0.33576051779935273,9084.06,0.156
0.94,0.21943887775551105,0.01903807615230461,0.05911823647294589,0.3847695390781563,0.05110220440881764,0.4218436873747495,0.02404809619238477,0.11022044088176353,0.04308617234468938,0.8066132264529058,9966.13,0.129
0.97,0.15606936416184972,0.04624277456647399,0.08020231213872832,0.3540462427745665,0.1069364161849711,0.32803468208092484,0.04407514450867052,0.18713872832369946,0.09031791907514453,0.6820809248554913,8696.56,0.10099999999999999
0.93,0.1945017182130584,0.06597938144329897,0.19381443298969075,0.17388316151202748,0.2082474226804124,0.21649484536082475,0.0859106529209622,0.4020618556701031,0.15189003436426116,0.3903780068728521,8442.58,0.125
0.94,0.3335907335907336,0.06254826254826255,0.1722007722007722,0.26640926640926643,0.15984555984555984,0.22702702702702704,0.07181467181467181,0.33204633204633205,0.13436293436293434,0.4934362934362934,9165.83,0.158
0.97,0.1457286432160804,0.05025125628140704,0.1111111111111111,0.3232830820770519,0.0910106085985483,0.31825795644891125,0.03964265773311,0.20212171970965945,0.08989391401451703,0.6415410385259631,8050.47,0.08800000000000001
0.96,0.19386331938633194,0.09553695955369597,0.20571827057182707,0.1596931659693166,0.21338912133891214,0.1910739191073919,0.08507670850767085,0.4191073919107392,0.1806136680613668,0.3507670850767085,8364.25,0.124
0.96,0.17312072892938496,0.002277904328018223,0.018223234624145785,0.4760820045558087,0.02050113895216401,0.4738041002277905,0.006833712984054671,0.0387243735763098,0.009111617312072893,0.9498861047835992,9994.65,0.16299999
0.99,0.3542713567839196,0.005025125628140704,0.007537688442211055,0.4648241206030151,0.002512562814070352,0.5050251256281407,0.007537688442211055,0.010050251256281407,0.01256281407035176,0.9698492462311558,8943.84,0.14800000000000002
0.87,0.3144578313253012,0.02650602409638554,0.030120481927710843,0.4409638554216868,0.02771084337349397,0.4409638554216868,0.02650602409638554,0.05783132530120483,0.05301204819277108,0.8819277108433735,8718.76,0.20799999
0.9,0.3501400560224089,0.008403361344537815,0.07282913165266107,0.45378151260504207,0.05882352941176471,0.3809523809523809,0.01680672268907563,0.13165266106442575,0.025210084033613446,0.8347338935574229,10925.69,0.16600001
0.92,0.28444444444444444,0.07333333333333332,0.19333333333333333,0.24222222222222226,0.14,0.3133333333333333,0.03555555555555556,0.3333333333333333,0.10888888888888887,0.5555555555555556,10846.43,0.08
0.92,0.2613756613756614,0.0031746031746031746,0.008465608465608466,0.4645502645502646,0.01058201058201058,0.492063492063492,0.006349206349206349,0.01904761904761905,0.009523809523809523,0.9566137566137566,6949.99,0.231
0.96,0.3333333333333333,0.006734006734006735,0.030303030303030307,0.43097643097643096,0.020202020202020204,0.4747474747474748,0.020202020202020204,0.0505050505050505,0.02693602693602693,0.9057239057239056,11783.39,0.16600001
0.88,0.4296296296296296,0.018518518518518517,0.003703703703703704,0.43703703703703706,0.005555555555555557,0.5240740740740739,0.009259259259259259,0.009259259259259259,0.027777777777777776,0.9611111111111112,9522.14,0.12
0.89,0.2335766423357664,0.0626878488621726,0.0313439244310863,0.3688278231000429,0.0266208673250322,0.39888364104766,0.08802060970373551,0.0579647917561185,0.15070845856590812,0.7677114641477029,7751.08,0.185
0.93,0.4224299065420561,0.13644859813084112,0.003738317757009346,0.3158878504672897,0.001869158878504673,0.39439252336448605,0.14579439252336449,0.005607476635514018,0.2822429906542056,0.7102803738317757,9346.1,0.10300000000000001
0.97,0.22115384615384612,0.009615384615384616,0.01098901098901099,0.456043956043956,0.012362637362637362,0.4752747252747253,0.02197802197802198,0.023351648351648352,0.031593406593406585,0.9313186813186812,8744.35,0.17899999
0.92,0.3390061266167461,0.04084411164057182,0.01837985023825732,0.4247787610619469,0.023144996596324033,0.4370319945541185,0.04220558202859088,0.04152484683458135,0.08304969366916269,0.8618107556160653,8303.63,0.11800000000000001
0.97,0.4031830238726791,0.010610079575596816,0.07692307692307693,0.3368700265251989,0.0636604774535809,0.480106100795756,0.018567639257294433,0.14058355437665782,0.02917771883289125,0.8169761273209549,9022.02,0.22700001
0.95,0.3127035830618892,0.013029315960912051,0.0065146579804560255,0.4625407166123778,0.0065146579804560255,0.498371335504886,0.0065146579804560255,0.013029315960912051,0.01954397394136808,0.9609120521172638,10448.47,0.16899999999999998
0.95,0.17908309455587393,0.008595988538681949,0.0157593123209169,0.42120343839541546,0.0157593123209169,0.501432664756447,0.012893982808022923,0.03151862464183381,0.02148997134670487,0.9226361031518624,8571.32,0.08
0.96,0.36910994764397903,0.005235602094240838,0.026178010471204192,0.4240837696335079,0.026178010471204192,0.4921465968586388,0.007853403141361256,0.052356020942408384,0.013089005235602094,0.9162303664921466,10421.0,0.171
0.98,0.2330935251798561,0.017266187050359712,0.02877697841726619,0.4201438848920863,0.03309352517985612,0.4589928057553957,0.03309352517985612,0.0618705035971223,0.05035971223021583,0.8791366906474821,9522.24,0.11699999999999999
0.99,0.20904645476772613,0.04156479217603912,0.023227383863080684,0.39975550122249387,0.02078239608801956,0.4511002444987775,0.04767726161369193,0.04400977995110025,0.08924205378973105,0.8508557457212714,9357.42,0.11800000000000001
0.97,0.2691652470187393,0.04088586030664395,0.037478705281090284,0.40034071550255534,0.04599659284497445,0.4173764906303237,0.049403747870528106,0.08347529812606473,0.09028960817717206,0.8177172061328789,9339.87,0.13699999999999998
0.95,0.31283627978478096,0.11299000768639507,0.07686395080707148,0.2736356648731745,0.09531129900076864,0.3066871637202152,0.1291314373558801,0.17217524980784013,0.2421214450422752,0.5803228285933897,9142.74,0.195
0.96,0.14791666666666667,0.03020833333333333,0.02395833333333333,0.44479166666666653,0.019791666666666662,0.43333333333333335,0.02083333333333333,0.04375,0.051041666666666666,0.878125,8490.07,0.094
0.95,0.11447532144338447,0.036084612194110334,0.11737868104520945,0.3201990875155537,0.11696391538780587,0.2948983824139361,0.04935711323102447,0.23434259643301536,0.0854417254251348,0.6150974699294899,8048.9,0.081999995
0.78,0.4871794871794872,0.05128205128205128,0.18803418803418806,0.2564102564102564,0.1282051282051282,0.2393162393162393,0.10256410256410256,0.3162393162393162,0.15384615384615385,0.4957264957264957,20356.1,0.317
0.93,0.2598547717842324,0.16130705394190872,0.17894190871369295,0.12966804979253113,0.16649377593360995,0.14315352697095435,0.17842323651452285,0.3454356846473029,0.33973029045643155,0.27282157676348545,8663.67,0.134
0.96,0.2565559440559441,0.06774475524475525,0.13898601398601398,0.2696678321678322,0.13767482517482518,0.28015734265734266,0.07080419580419581,0.2766608391608392,0.13854895104895104,0.5498251748251748,8239.77,0.16
0.94,0.14367269267364416,0.032825880114176975,0.08848715509039011,0.3439581351094196,0.10133206470028544,0.3401522359657469,0.03377735490009515,0.18981921979067554,0.06660323501427212,0.6841103710751665,8224.87,0.139
0.97,0.2765957446808511,0.1286727456940223,0.08763931104356636,0.21681864235055728,0.09270516717325228,0.2558257345491388,0.13525835866261401,0.18034447821681865,0.26393110435663625,0.4726443768996961,8523.81,0.139
0.96,0.16196388261851016,0.03893905191873589,0.08860045146726862,0.3623024830699774,0.08239277652370203,0.3481941309255079,0.046839729119638816,0.17099322799097064,0.08577878103837472,0.7104966139954854,9225.31,0.128
0.98,0.13455520786767994,0.05274921770227984,0.08761734465802412,0.3334823424228878,0.09432275368797496,0.3290120697362539,0.04827894501564595,0.1819400983459991,0.1010281627179258,0.6624944121591417,7936.2,0.09
0.92,0.4557260920897285,0.008264462809917356,0.003541912632821724,0.5194805194805194,0.004722550177095631,0.4474616292798111,0.011806375442739079,0.008264462809917356,0.020070838252656438,0.9669421487603306,8385.15,0.127
0.9,0.3655761024182077,0.028449502133712664,0.001422475106685633,0.4267425320056899,0.004267425320056899,0.4935988620199146,0.025604551920341397,0.005689900426742532,0.054054054054054064,0.9203413940256046,8068.39,0.17600000000000002
0.97,0.21835443037974686,0.012658227848101266,0.012658227848101266,0.4588607594936709,0.022151898734177212,0.4556962025316456,0.01740506329113924,0.03481012658227848,0.030063291139240507,0.9145569620253164,10972.34,0.218
0.94,0.2305516265912305,0.07637906647807638,0.0099009900990099,0.3649222065063649,0.008486562942008486,0.3875530410183876,0.10608203677510608,0.018387553041018388,0.1824611032531825,0.7524752475247525,11114.35,0.337
0.93,0.2367778681855167,0.08624898291293735,0.005695687550854353,0.3799837266069976,0.006509357200976403,0.3946297803091945,0.10170870626525633,0.012205044751830756,0.18795768917819367,0.774613506916192,10723.33,0.19399999
0.94,0.15096774193548387,0.012903225806451613,0.00903225806451613,0.4412903225806452,0.01161290322580645,0.4903225806451613,0.01161290322580645,0.02064516129032258,0.024516129032258062,0.9316129032258064,10642.96,0.165
0.87,0.4155701754385965,0.028508771929824563,0.3991228070175439,0.06359649122807018,0.3826754385964912,0.07456140350877193,0.038377192982456135,0.7817982456140351,0.0668859649122807,0.13815789473684212,11763.6,0.28
0.98,0.22469635627530365,0.04402834008097166,0.3805668016194332,0.05060728744939271,0.35880566801619435,0.06578947368421052,0.04200404858299595,0.7393724696356275,0.0860323886639676,0.11639676113360325,10532.94,0.10800000000000001
0.85,0.4292682926829268,0.06890243902439025,0.4085365853658536,0.004878048780487805,0.42865853658536585,0.00426829268292683,0.07682926829268293,0.8371951219512195,0.14573170731707316,0.009146341463414634,10125.58,0.22
0.88,0.4883875248838753,0.0205706702057067,0.4744525547445255,0.027869940278699403,0.37027206370272064,0.04711347047113471,0.0252156602521566,0.8447246184472462,0.0457863304578633,0.07498341074983411,10612.2,0.191
0.85,0.379295154185022,0.11629955947136565,0.3180616740088106,0.04096916299559472,0.3281938325991189,0.055506607929515416,0.11894273127753305,0.6462555066079295,0.2352422907488987,0.09647577092511013,10474.7,0.23399999999999999
0.77,0.6578313253012048,0.033734939759036145,0.4650602409638554,0.012048192771084338,0.4289156626506024,0.014457831325301203,0.033734939759036145,0.8939759036144578,0.06746987951807229,0.02650602409638554,11497.95,0.368
0.84,0.7868561278863233,0.030195381882770867,0.4049733570159858,0.0017761989342806395,0.5026642984014209,0.008880994671403197,0.047957371225577264,0.9076376554174068,0.07815275310834814,0.010657193605683835,12476.7,0.134
0.73,0.4772117962466488,0.01876675603217158,0.4691689008042895,0.032171581769437,0.39946380697050937,0.03753351206434316,0.032171581769437,0.8686327077747991,0.05093833780160858,0.06970509383378018,15288.42,0.295
0.72,0.8259911894273128,0.002202643171806168,0.4757709251101322,0.002202643171806168,0.5044052863436124,0.004405286343612335,0.011013215859030838,0.9801762114537445,0.013215859030837005,0.006607929515418502,12866.84,0.43200000000000005
0.76,0.5394265232974911,0.13799283154121866,0.3736559139784946,0.021505376344086027,0.30913978494623656,0.025089605734767026,0.11559139784946235,0.6827956989247311,0.25358422939068104,0.04659498207885305,11298.22,0.31
0.78,0.7664015904572564,0.06759443339960239,0.4105367793240557,0.009940357852882704,0.44135188866799197,0.009940357852882704,0.05964214711729623,0.8518886679920478,0.1272365805168986,0.019880715705765408,11861.12,0.341
0.86,0.4771959459459459,0.027871621621621618,0.4721283783783784,0.004222972972972972,0.4560810810810811,0.01266891891891892,0.020270270270270268,0.9282094594594594,0.048141891891891886,0.01689189189189189,10793.33,0.375
0.64,0.5973053892215568,0.13922155688622753,0.34281437125748504,0.00598802395209581,0.3263473053892216,0.002994011976047905,0.17365269461077845,0.6691616766467066,0.31287425149700604,0.008982035928143712,12263.09,0.32299998
0.9,0.2705223880597015,0.06856343283582089,0.2364738805970149,0.1669776119402985,0.2178171641791045,0.1259328358208955,0.07789179104477613,0.4542910447761194,0.14645522388059698,0.29291044776119396,10769.73,0.17899999
0.66,0.6733668341708543,0.08877721943048576,0.38023450586264657,0.0033500837520938024,0.4338358458961474,0.005025125628140704,0.07202680067001675,0.8140703517587939,0.16080402010050251,0.008375209380234505,12856.6,0.308
0.87,0.7069672131147541,0.020491803278688527,0.4733606557377049,0.006147540983606557,0.4692622950819672,0.008196721311475409,0.022540983606557374,0.9426229508196722,0.0430327868852459,0.01434426229508197,12407.37,0.312
0.99,0.6363636363636364,0.021487603305785124,0.4991735537190083,0.003305785123966942,0.4462809917355372,0.008264462809917356,0.01818181818181818,0.9454545454545454,0.039669421487603315,0.011570247933884295,8295.69,0.5329999999999999
0.98,0.5881226053639846,0.15517241379310345,0.36781609195402293,0.0019157088122605363,0.2720306513409962,0.0038314176245210726,0.18773946360153254,0.6398467432950191,0.34291187739463597,0.005747126436781609,12272.08,0.105
0.97,0.046837276677933366,0.036214389183969097,0.08015451472718492,0.35490101400289714,0.0772573635924674,0.3809753742153549,0.0294543698696282,0.15741187831965234,0.0656687590535973,0.7358763882182521,8428.9,0.051999997
0.95,0.03147953830010493,0.028856243441762856,0.07345225603357818,0.3604407135362015,0.06558237145855195,0.35257082896117525,0.018363064008394544,0.1390346274921301,0.0472193074501574,0.7130115424973767,8923.33,0.051999997
0.92,0.3781512605042017,0.04801920768307323,0.18247298919567828,0.19447779111644656,0.2064825930372149,0.25930372148859543,0.06842737094837935,0.3889555822328932,0.11644657863145258,0.45378151260504207,11137.56,0.161
0.98,0.2258064516129032,0.0064516129032258064,0.021505376344086027,0.4473118279569893,0.012903225806451613,0.4924731182795699,0.015053763440860216,0.034408602150537634,0.021505376344086027,0.9397849462365592,8850.92,0.078
0.9,0.2687813021702838,0.015025041736227047,0.02671118530884808,0.4624373956594324,0.02170283806343906,0.4407345575959933,0.02170283806343906,0.048414023372287146,0.03672787979966611,0.9031719532554258,9042.53,0.098000005
0.96,0.2113943028485757,0.010494752623688156,0.005997001499250375,0.4272863568215892,0.014992503748125937,0.5097451274362819,0.01649175412293853,0.020989505247376312,0.026986506746626688,0.9370314842578712,9016.75,0.091000006
0.94,0.26229508196721313,0.010538641686182671,0.00468384074941452,0.44379391100702575,0.00936768149882904,0.5081967213114754,0.008196721311475409,0.01405152224824356,0.01873536299765808,0.9519906323185012,9488.1,0.22700001
0.92,0.30403800475059384,0.004750593824228029,0.005938242280285036,0.4821852731591449,0.009501187648456056,0.489311163895487,0.0023752969121140144,0.01543942992874109,0.007125890736342044,0.9714964370546318,9652.24,0.165
0.96,0.3877551020408163,0.0090702947845805,0.022675736961451247,0.4444444444444444,0.020408163265306117,0.4852607709750567,0.011337868480725623,0.04308390022675737,0.020408163265306117,0.9297052154195012,11513.85,0.24200001
0.94,0.2969432314410481,0.016593886462882096,0.023580786026200874,0.4218340611353712,0.03056768558951965,0.456768558951965,0.019213973799126642,0.054148471615720534,0.03580786026200873,0.8786026200873363,10626.93,0.162
0.97,0.0925925925925926,0.027777777777777776,0.032407407407407406,0.5370370370370371,0.018518518518518517,0.2962962962962963,0.032407407407407406,0.050925925925925916,0.060185185185185175,0.8333333333333334,5541.14,0.159
0.94,0.2955837341495409,0.02273721031919545,0.04984696108439003,0.4132050721469174,0.052470485351989504,0.39877568867512025,0.02229995627459554,0.10231744643637954,0.045037166593790985,0.8119807608220376,10931.75,0.16899999999999998
0.94,0.15728715728715728,0.030303030303030307,0.06349206349206349,0.3672438672438673,0.0836940836940837,0.3867243867243868,0.03751803751803752,0.1471861471861472,0.06782106782106782,0.7539682539682541,8718.18,0.131
0.93,0.3912776412776413,0.0644963144963145,0.14189189189189189,0.2880835380835381,0.12776412776412774,0.2831695331695332,0.07985257985257985,0.26965601965601965,0.14434889434889436,0.5712530712530712,8508.24,0.142
0.96,0.15089344804765056,0.03242885506287227,0.0628722700198544,0.3745863666446062,0.0542686962276638,0.4050297816015884,0.03639973527465255,0.1171409662475182,0.06882859033752482,0.7796161482461945,8555.53,0.103999995
0.95,0.3404255319148936,0.03515263644773358,0.029602220166512486,0.4051803885291397,0.02682701202590194,0.4449583718778908,0.04440333024976873,0.056429232192414434,0.07955596669750231,0.8501387604070305,9142.24,0.15100001
0.94,0.06818181818181818,0.022727272727272728,0.05681818181818181,0.5113636363636364,0.011363636363636364,0.3636363636363637,0.022727272727272728,0.06818181818181818,0.045454545454545456,0.875,10040.46,0.12290843
0.98,0.10142954390742,0.03675970047651463,0.05105513955071477,0.3886997957794418,0.057181756296800536,0.39686861810755614,0.03063308373042886,0.10823689584751532,0.0673927842069435,0.7855684138869979,8409.32,0.12100001
0.96,0.33401639344262296,0.008196721311475409,0.004098360655737704,0.4672131147540984,0.010245901639344263,0.4877049180327869,0.012295081967213116,0.01434426229508197,0.020491803278688527,0.9549180327868853,11518.47,0.14300000000000002
0.94,0.2165071770334928,0.019138755980861243,0.019138755980861243,0.4258373205741627,0.01674641148325359,0.4497607655502393,0.045454545454545456,0.03588516746411483,0.0645933014354067,0.8755980861244019,9503.62,0.127
0.96,0.1925866236905721,0.0096696212731668,0.0934730056406124,0.39161966156325545,0.0894439967767929,0.3835616438356164,0.016116035455278,0.18291700241740533,0.0257856567284448,0.7751813053988719,8121.92,0.065
0.93,0.3936591809775429,0.005284015852047556,0.22324966974900928,0.2523117569352708,0.2192866578599736,0.2892998678996037,0.003963011889035667,0.4425363276089828,0.009247027741083224,0.5416116248348745,8494.42,0.113000005
0.97,0.20637450199203186,0.013545816733067729,0.06693227091633466,0.3713147410358566,0.07729083665338646,0.4374501992031872,0.016733067729083666,0.14422310756972112,0.0302788844621514,0.8087649402390438,7664.6,0.077
0.99,0.26666666666666666,0.022222222222222227,0.06944444444444445,0.3805555555555555,0.08888888888888889,0.4194444444444445,0.019444444444444445,0.15833333333333333,0.04166666666666666,0.8,10394.89,0.09
0.92,0.36213468869123255,0.06099110546378653,0.005082592121982211,0.3926302414231258,0.003811944091486658,0.457433290978399,0.07369758576874205,0.008894536213468869,0.13468869123252858,0.8500635324015248,9424.37,0.257
0.97,0.3866995073891626,0.007389162561576354,0.0049261083743842365,0.4630541871921182,0.0024630541871921183,0.5123152709359606,0.009852216748768471,0.007389162561576354,0.017241379310344827,0.9753694581280788,10592.24,0.113000005
0.91,0.3262668045501551,0.0827300930713547,0.03257497414684592,0.3598759048603929,0.027404343329886244,0.3929679420889349,0.08634953464322648,0.059979317476732165,0.16907962771458118,0.7528438469493278,8348.07,0.20199999999999999
0.96,0.2030254777070064,0.019904458598726117,0.011146496815286623,0.4570063694267516,0.009554140127388536,0.4832802547770701,0.01194267515923567,0.020700636942675158,0.03184713375796178,0.9402866242038216,8109.97,0.156
0.92,0.27980132450331124,0.0206953642384106,0.008278145695364239,0.4519867549668874,0.01903973509933775,0.4776490066225166,0.01324503311258278,0.027317880794701987,0.033940397350993384,0.9296357615894041,7920.91,0.23399999999999999
0.92,0.2578947368421053,0.05307017543859649,0.07192982456140351,0.3535087719298245,0.06798245614035088,0.3631578947368421,0.04298245614035088,0.13991228070175438,0.09605263157894736,0.7166666666666667,9971.27,0.19299999
0.9,0.3440233236151604,0.008746355685131196,0.01749271137026239,0.4693877551020408,0.01749271137026239,0.4693877551020408,0.011661807580174929,0.03498542274052478,0.020408163265306117,0.9387755102040816,9229.97,0.11699999999999999
0.94,0.3533487297921478,0.016166281755196306,0.006928406466512702,0.4526558891454965,0.002309468822170901,0.5080831408775982,0.013856812933025405,0.009237875288683604,0.030023094688221712,0.9607390300230948,9459.93,0.064
0.94,0.3763213530655391,0.0063424947145877385,0.029598308668076112,0.4630021141649049,0.04228329809725159,0.45243128964059204,0.0063424947145877385,0.07188160676532769,0.012684989429175477,0.9154334038054968,8905.64,0.136
0.83,0.2637362637362637,0.01831501831501832,0.08791208791208792,0.3516483516483517,0.0641025641025641,0.4340659340659341,0.02197802197802198,0.15201465201465197,0.040293040293040296,0.7857142857142857,9134.01,0.084
0.97,0.32642487046632124,0.01295336787564767,0.016407599309153715,0.4499136442141624,0.017271157167530225,0.4827288428324698,0.009499136442141624,0.03367875647668394,0.02245250431778929,0.932642487046632,8028.27,0.102
0.98,0.010668163952835484,0.022459292532285232,0.019651880965749574,0.4031443009545199,0.016844469399213927,0.4031443009545199,0.01347557551937114,0.0364963503649635,0.035934868051656375,0.8062886019090398,8417.08,0.129
0.97,0.08136792452830187,0.08490566037735849,0.06898584905660378,0.31014150943396224,0.06662735849056604,0.31014150943396224,0.09492924528301888,0.13561320754716982,0.17983490566037735,0.6202830188679245,8652.22,0.096
0.94,0.14323962516733602,0.03748326639892905,0.013386880856760376,0.3975903614457832,0.01606425702811245,0.4765729585006693,0.03748326639892905,0.029451137884872827,0.0749665327978581,0.8741633199464525,11596.93,0.10800000000000001
0.96,0.02506963788300836,0.033426183844011144,0.0116991643454039,0.43788300835654603,0.02228412256267409,0.3955431754874652,0.03175487465181059,0.033983286908078,0.06518105849582173,0.8334261838440111,8808.28,0.105
0.98,0.015570934256055362,0.019896193771626297,0.01903114186851211,0.42301038062283736,0.01643598615916955,0.4420415224913495,0.018166089965397925,0.03546712802768166,0.03806228373702422,0.8650519031141869,9135.26,0.056999996
0.94,0.028695181375203032,0.04547915538711424,0.027070925825663242,0.4141851651326475,0.02165674066053059,0.40010828370330265,0.044396318354087715,0.04872766648619383,0.08987547374120194,0.8142934488359502,8335.75,0.092
0.98,0.060240963855421686,0.03614457831325301,0.012048192771084338,0.463855421686747,0.024096385542168683,0.39156626506024095,0.024096385542168683,0.03614457831325301,0.060240963855421686,0.8554216867469879,11230.73,0.113000005
0.97,0.03234750462107209,0.026802218114602587,0.030499075785582256,0.3881700554528649,0.03789279112754159,0.4066543438077634,0.03512014787430684,0.06839186691312385,0.06192236598890943,0.7948243992606284,8390.27,0.087
0.98,0.007798440311937612,0.020995800839832032,0.03239352129574085,0.3713257348530294,0.03419316136772645,0.34913017396520696,0.02579484103179364,0.0665866826634673,0.04679064187162568,0.7204559088182364,7977.52,0.109
0.96,0.04500978473581213,0.043052837573385516,0.02935420743639922,0.4005218525766471,0.025440313111545987,0.4266144814090019,0.03587736464448793,0.0547945205479452,0.07893020221787345,0.827136333985649,8346.05,0.126
0.94,0.24749340369393136,0.058575197889182064,0.07810026385224274,0.3356200527704485,0.07968337730870713,0.3620052770448549,0.06385224274406333,0.15778364116094987,0.1224274406332454,0.6976253298153035,7842.51,0.21600000000000003
0.97,0.07117117117117118,0.018018018018018014,0.0445945945945946,0.4072072072072072,0.05045045045045045,0.4202702702702703,0.02477477477477477,0.09504504504504503,0.042792792792792786,0.8274774774774775,7519.21,0.126
0.96,0.18563922942206654,0.005253940455341506,0.021015761821366025,0.43257443082311736,0.035026269702276715,0.4763572679509632,0.021015761821366025,0.05604203152364273,0.02626970227670753,0.9089316987740804,10360.4,0.14899999
0.97,0.1090439276485788,0.02739018087855297,0.05064599483204135,0.3757105943152455,0.047028423772609816,0.4304909560723513,0.033591731266149866,0.09767441860465116,0.06098191214470284,0.8062015503875969,7995.72,0.15
0.94,0.12,0.02666666666666667,0.013333333333333334,0.6,0.013333333333333334,0.2933333333333333,0.013333333333333334,0.02666666666666667,0.04,0.8933333333333333,20049.13,0.096
