ECONOMICALLY_DISADVANTAGED,H_Female,AA_FEMALE,W_FEMALE,AA_MALE,W_MALE,H_MALE,AA,H,W,Expend_per_pupil,CHRONIC_ABSENT,grad_rate
-0.33941581177318264,-0.807090662617739,-0.7513436344025666,0.8808084212226253,-0.7332128533689563,0.9433032498198521,-1.004845606548497,-0.7456209112982873,-0.920106529314125,0.9275273873179148,-0.24449404894126125,-0.27475760847578623,0.96
0.2949341964589322,-0.7392159004427457,-0.6126160775317447,0.4888176005076621,-0.6351034750289564,0.9769371312053466,-0.6308955105816771,-0.6264024721999164,-0.6894687588327444,0.7487176588527636,-0.0747109480994049,0.015543649822744171,0.95
-0.6680712201701167,0.2281790370001748,-0.22268761226256845,0.07431727452425273,-0.10675808059765446,-0.1161199475715032,0.1814303368146147,-0.16625575846427162,0.205774276663614,-0.022726929456262254,1.381567355625314,-0.016711961917820466,0.92
-0.71303855411364,0.03475214340564996,-0.6431345295637991,0.2953911332664757,-0.5757266604926052,0.8186094475088963,-0.06907137713475726,-0.6125463217121305,-0.019863939408088303,0.5702240843069469,-0.27552226113291206,-0.05971958759732521,0.98
0.5198222498162259,3.8571219934398817,-0.09831479283784592,-0.7971580296366573,-0.12563196588640113,-0.7399012906418553,3.1746411357448294,-0.11226516881864673,3.535449385855184,-0.7807110328685448,-1.0892419439043064,-0.08122340043707803,0.89
-0.405819090550542,0.5783355133764848,-0.6121193586779566,0.4776045683995787,-0.6123547901911696,0.41223084353131945,0.5230784835118489,-0.6148867483493284,0.5550292995916848,0.4517189330982348,-0.6740324298900172,-0.08122340043707803,0.91
0.20683685789996703,-0.8677341256037981,-0.6872505990728077,0.8554449087467744,-0.5658326570648716,0.6864661238369537,-0.723325677653713,-0.6301132812638834,-0.8002012889776263,0.7823072078508838,-0.0027148961149595667,-0.4575401251327465,0.94
0.6203982670264789,-0.43073461714312156,-0.6972595591453677,0.5293144628922272,-0.7305984534174214,0.8666805145844455,-0.031891678490335314,-0.7167850387207336,-0.22398333899297335,0.7120913807707144,0.16795472507522974,0.17682224612088807,0.93
-0.6136548018480541,-0.011771526501380242,-0.7003586801993534,0.6863033475763272,-0.677851623449672,0.5904332575220016,-0.1678658111207021,-0.6922484874153517,-0.09454336543805382,0.64811058398714,-0.19760964943241882,-0.9413759785386164,0.93
-1.004350930960129,-0.5455703853197362,-0.7075041830948612,0.9090932260772204,-0.6531664807143329,0.6452164277374778,-0.5644560524014256,-0.6836657168850927,-0.5611849418329317,0.7878697777326172,-0.3531024277027793,-0.9306240076073017,0.93
-0.5394845251766826,0.4374931402339593,0.14388689011967914,-0.4206893538578938,0.18555482187674294,-0.11840000405070865,0.10371375693832055,0.1651396191963665,0.26526205672111597,-0.2716205870335139,0.8680745340803628,-0.952127820447054,0.99
-1.2365499370501134,-0.34001327184514013,-0.543412310487195,0.4481276032927357,-0.5633079803281397,0.6735143278744061,-0.4093729313978593,-0.5556158597186422,-0.38023791539111146,0.5717894955807986,0.5098384065825741,-0.5767956478222535,0.94
0.05257410562608766,-0.45864017745102426,-0.6091503803248021,0.7108536728522395,-0.5774997238028,0.6556401953149804,-0.45575231436747393,-0.5961182457560261,-0.46183117815705205,0.6940430075003511,-0.8575710502671475,0.17682224612088807,0.92
-0.8312114655876851,-0.24632435277566148,-0.5925508618846318,0.5829671217495936,-0.6125933364263901,0.6927781652136411,-0.34166886079222397,-0.605039891661475,-0.2993435678180488,0.6492076075895995,-0.6511129880583901,-1.070398791065693,0.96
0.5796287901321012,1.945202775847328,-0.24064850850692146,-0.4349963939368384,-0.2311684468866162,-0.2084601340841385,1.7738537092487638,-0.23699711654438768,1.874493877006146,-0.3252511426600972,-0.47441117406324007,-0.3070134352544789,0.9
0.4186462092807291,-0.7627845191461613,-0.7672066646029444,0.8770415629341328,-0.750184052445056,0.9584324664498624,-0.8533894782130688,-0.7621012872410242,-0.8186093370154015,0.9334489778053884,-0.78819601496473,0.5208833590759923,0.91
-0.3458969333944612,-0.4417525586982982,-0.7458257631338121,0.9545931847887404,-0.6805906905526906,0.711731937930561,-0.6857715214030128,-0.7167580096474198,-0.5755049764052959,0.8449612888836483,-0.36601960734343425,-0.7585934403778432,0.91
1.0120570829083742,0.07822430134073055,-0.32843387551348197,0.25788359236210623,-0.31155084441916797,0.548998708605719,-0.581092121794025,-0.3214974658613841,-0.27007349625325655,0.4123354846426448,0.5915910004440522,-0.952127820447054,0.98
-0.2718947162535257,-0.3651598941190049,-0.15758352499676564,0.3001104702335009,-0.07547549559986051,0.2092723290226057,-0.5012731758123024,-0.11761461532429292,-0.440988850694213,0.25816900228849127,-0.4192830989239761,-0.5767956478222535,0.97
0.5864309884673534,-0.5263812576397249,-0.33197393807736497,0.3839870227819816,-0.41187296848063815,0.6374705224812659,-0.7568022833047322,-0.37296924682338656,-0.6538046323415259,0.5210929624134599,-0.21916558442394704,-1.0273911653861878,0.92
0.9096770787648876,-0.9358398248389613,-0.7578016414703187,0.856516255540941,-0.7140644139946091,0.9738738554616674,-0.7436152512665667,-0.7394292422904525,-0.8436896376667996,0.9311451845876111,-0.4246407653769446,2.230436479836316,0.87
-0.3895014642742006,-0.8774169777935967,-0.5221721818950967,0.7361368762206497,-0.6018265620273175,0.7152906717282371,-0.8034888421022944,-0.5638700330081436,-0.8473025616171662,0.7374750631985597,0.09506251665170852,-0.07047149401720146,0.89
-0.1918987442049926,0.20219260948565249,-0.5855328741754051,0.45322018249972335,-0.6386645315661169,0.6485950724424637,-0.043337076921034334,-0.6143738260273451,0.07426744567289456,0.5614796969312117,-0.932838555058756,1.467051124025102,0.91
-0.9016117451628293,-0.2927886380585797,-0.6856477960761136,0.9164876906382833,-0.7180433450266164,0.5424700216476186,-0.41558478119858133,-0.7046559437805878,-0.360821465108106,0.7385532550765941,-0.7577170599454166,0.6391543296946308,0.94
-0.6943653665012463,-0.6001007807972026,-0.7070014724458931,0.903131174092769,-0.6796389596120582,0.6443438631077933,-0.34862630285388446,-0.6965161310689191,-0.4731229739532205,0.784435934503118,-1.078965053127165,0.16607044722007594,0.92
-0.36581628295106744,-0.6126662315507144,-0.2834126698342797,0.5441975363922936,-0.30797588223669686,0.42167051187256516,-0.7790600536299552,-0.2968011517463511,-0.7070757100754542,0.48991503551587484,-0.5257040850868906,0.24133379215920978,0.96
-0.11765225102866282,-0.940967044754495,-0.6558200232351956,1.0416502076548575,-0.7327076316147196,0.7788661316185463,-0.9550623003714483,-0.6967268293389989,-0.9581143461188971,0.9231685239072007,-0.08444821779495268,0.9509596158710423,0.95
0.49273765473283454,-0.6982076639620691,-0.6994077085949031,0.6790625308823587,-0.7171941727434752,0.9957004346723165,-0.8410189862054357,-0.7112425487438219,-0.781010745668101,0.853604136959027,-0.20219161058059584,0.5208833590759923,0.91
0.23929669746995802,-0.5926223893220218,-0.6991750488753424,1.0721949254568144,-0.7169548686720958,0.6906880552232734,-0.9707921665877435,-0.7110055918836102,-0.798959283732398,0.8929543588762877,-0.30591930938091216,-0.2532539031550979,0.98
0.8056075292296591,-0.6904611257839013,-0.6245574234778176,0.5773790618472583,-0.6402062953134773,0.9628335441590082,-0.8145822773429144,-0.6350098060035313,-0.7632881859790182,0.7857592233347832,-0.26483583649920384,1.338028246986587,0.93
0.4289953638312694,-0.6559683313551613,-0.709428514450978,1.0895749410306568,-0.6837995496955973,0.5477681095550492,-0.6247664273631525,-0.6998119558566555,-0.646198076092286,0.8279054557136178,0.7193366554206684,1.499306843284731,0.92
-0.3382970888125029,-0.10070898637886726,-0.660763895494211,0.8110182451209407,-0.5746851577631573,0.4129301241753151,-0.23411080369041803,-0.6210081650941497,-0.17238064395944702,0.6189306307709166,-0.4432095122382204,-0.382276780193613,0.92
-0.6337224056145159,-0.3217280915050099,-0.44080856582728895,0.3164518892780536,-0.3424414536349991,0.4319351770947073,-0.39276927738788775,-0.394016380427601,-0.3626549078013378,0.38124037544920636,0.5350946004193179,0.29509332425859075,0.91
0.0657189116697267,1.2512846630939924,-0.14341603789207402,-0.13227272726623576,-0.16383090785703597,-0.16357311252359574,1.3383975005097293,-0.1541444272152581,1.3102878357635812,-0.15059691792487592,-0.8269330997505787,-1.242429293783713,0.96
-0.1084884367668614,-0.38584175717034835,-0.7186540436032559,0.7326946028501955,-0.7530082675216921,0.796300535647505,-0.3723588966772985,-0.7387748589876971,-0.3826735844423529,0.7775533745224129,-0.5550845257615306,-0.27475760847578623,0.95
-0.3354512038963274,-0.4459744633864798,-0.7498934828602707,0.7834935556468744,-0.7611444546148347,0.749126433007614,-0.11400949248610202,-0.7587112608724716,-0.27479138257001806,0.7786330487779756,-0.7620003022805679,-0.21024627747559285,0.92
-0.697957260573781,0.7311350185860106,0.7773030280807879,-0.020411021372554267,-0.006912951004268459,-1.2108091827717622,-0.0982587758351448,0.3924071938654391,0.29950203405305353,-0.634989553557177,5.063267090070193,0.20907818041864512,0.78
0.6407094175206646,3.9100139009881696,0.6133522629722525,-1.7566558983319676,0.7078954757933741,-1.5803437224451784,4.034879125075261,0.662816374100034,4.01636901148192,-1.6945411514689224,1.1928878808369283,1.0154710543902998,0.73
0.4711186712214994,3.6822684793878158,0.6844777652432805,-1.8335573803404497,0.8645202436419654,-1.8963809770170743,3.6391756070613854,0.7765802141811522,3.697347258021414,-1.8960997329319385,1.077765504733312,0.6821619553741358,0.84
-0.06366780246143257,-0.4035985331760367,1.3120247116059105,-1.181270276189629,1.258720574206345,-1.1008941966400978,-0.032524571083751654,1.2913158802593452,-0.2112714376511611,-1.1592047392710048,0.20300600515197728,0.6391543296946308,0.92
0.43028157737576217,0.7533243752186962,0.425244410471035,-1.0484880818661413,0.6933527110483201,-0.8484501645920539,1.5562624013845079,0.5598252448341845,1.1862265725889993,-0.9624956430141147,1.9779883741023596,0.7574254078323338,0.83
-0.4957564902354052,0.7474499897494856,1.6509730817541146,-0.8777284437697754,0.3289597491629411,-1.0052158048888653,-0.033872125339501194,1.0035995536088318,0.3414384858762193,-0.9579328282212405,1.2378113358796214,-0.1672386517960878,0.96
2.4387282293294916,1.26104921922364,2.0882678283685756,-2.1569778102642476,2.1395812319379024,-2.2458740951826557,1.6292139410911313,2.122716276248219,1.468967639259478,-2.238287444122632,1.9206825424552343,3.4346499988624557,0.77
0.7654392416516257,1.4757096175916258,0.8585347936409893,-1.060406517612736,0.7591055935249871,-1.1374467929266916,1.3654986741839814,0.8130257675972075,1.4325410775799288,-1.1175817177433114,1.2843343819856108,0.4886276398163634,0.8
2.9948130709403684,-0.7076257605118752,2.984144540662703,-2.3686296391743786,2.908833529331056,-2.393171004402277,-0.43255644829542467,2.959781439041467,-0.5692612698284228,-2.4202097141424876,2.55840866390107,2.585249391692232,0.64
0.5287208650527225,1.9779659491549981,0.9771000326943949,-1.0409508486827828,0.8871753275379125,-1.4713610766397835,2.0881914529957237,0.9368100973760055,2.056685746357877,-1.2801446111672679,4.289806994422002,-0.5767956478222535,0.69
2.5377908527579227,0.3618026445377799,1.8612775429812767,-2.000685772722583,2.220358929916807,-1.6910767791488595,-0.13829837097965872,2.047117614865157,0.10072659931402138,-1.87379955320982,1.889278522724617,2.445474608233841,0.86
2.0256206216979513,-0.5600437130952739,2.7214460449933786,-2.1115405990467018,2.245517051063813,-1.948342332594282,-0.28579956692646896,2.4976010450320443,-0.4205972987398154,-2.0620233888642185,2.2372859398989777,2.6067535270891775,0.77
1.4138842170086374,3.0687775534963055,1.75197866181452,-2.343175831263443,2.032757742269661,-2.284331158089336,2.549950863872112,1.8985782671287057,2.8256452794873437,-2.351310661564062,-2.0376645391685813,-0.31776534167435544,0.84
1.0731008980725631,3.1709807287092215,1.7153982625494002,-2.118407887370833,1.5371737841560558,-2.218790900689988,2.936789227477407,1.6345887397950243,3.0796123664957658,-2.205010944176271,-2.0376645391685813,1.467051124025102,0.91
0.7034856040261316,-0.5969075559889696,-0.5288535929245086,0.5327288891687709,-0.6045903897811093,0.792395119136113,-0.4370632537958364,-0.5686407995331666,-0.5184143411243698,0.6754689467564737,-0.6194343397416046,0.3918604820374771,0.93
0.10733868729219537,0.4114269702209411,-0.6886944686631071,0.3408974929851633,-0.6772154542736372,0.6388492269158217,0.8099884313822292,-0.6859937001095046,0.6266963253221441,0.5002409920641679,-0.8411415155507612,0.29509332425859075,0.94
-0.6019981834455866,-0.564192215498168,-0.6912987255943013,0.5676553577642275,-0.692013621090232,1.0804900456853581,-0.7507067865514748,-0.6946463880014376,-0.668756600877004,0.8416037007831605,-0.6743793291567567,-0.5767956478222535,0.93
-0.4103257899449541,-0.026458898871098417,-0.3721128343365176,0.28978450775717896,-0.38055233332422195,0.40190340263893476,-0.0019356056965583103,-0.37790265684459856,-0.013746310730810698,0.35239882635569,-0.8515725837797867,-1.0166393127258437,0.95
0.0647846584050624,-0.6239111429973666,-0.475853490124554,0.5735964386499467,-0.37605639449479084,0.5805961062779241,-0.5534458652207702,-0.4285050906519506,-0.5930213241289418,0.5866324898589221,-0.22488460427976864,0.10155900870081899,0.97
0.438392844255795,-0.27529906753218725,0.612277724272174,-0.4622091845310647,0.7676653762858198,-0.6409107992305034,-0.3135997973893928,0.6918610056433762,-0.29841224577485687,-0.562013010819033,0.5152346173985127,-1.2531812002035891,0.9
0.749736706769588,-0.27347950041220576,1.6960874044552021,-1.4511910444840246,1.8005586826962514,-1.3848936926994404,-0.31958915877411465,1.755155723906078,-0.30070871858643844,-1.4408249243498517,-0.6312000065385005,0.12306282154057091,0.91
-0.09019631425286447,-0.3835193905854494,-0.4436736716364987,0.43005701789698775,-0.4356715453044654,0.56868417856068,-0.4287140412952505,-0.4416332147711406,-0.4113965964055323,0.5086542397409546,-0.40532522148310524,-0.4145324994532415,0.88
-0.24074112683812185,0.8106832853927688,-0.5801279533579505,0.3754326068966849,-0.6044352760579902,0.3544364409205242,0.667990903016519,-0.5946746930257016,0.743471952475121,0.3707670135884904,-0.6996017966759002,-1.3607002644023518,0.99
1.888608557329288,-0.551293869526792,2.453855766303067,-1.946163810222852,2.2297660857525776,-1.8049247997696265,-0.4072617788302523,2.3535365219045463,-0.4807036620361041,-1.9052603801157038,1.2377487012897932,0.015543649822744171,0.85
0.14260098849658687,-0.5830537938660357,0.208789060369892,-0.11049240212906897,0.3334767109686322,-0.03969998876532188,-0.4181936225906563,0.27142556358782555,-0.5017621397225152,-0.0757790512002318,-0.26132829946884306,-0.9628797268669305,0.98
0.9976347113031057,-0.5295681762124741,0.34939963777572175,-0.2170089437738323,0.46465623097791325,-0.29391287610591127,0.2956437619486195,0.40797578909388116,-0.09807502376267174,-0.2602567005343033,0.07676839837660086,-0.9198720366759869,0.96
-0.19507748666093142,-0.6021523352685927,-0.33548299219834404,0.34802776630033894,-0.2497363061753833,0.648106638046975,-0.7490046007116242,-0.2944830059818361,-0.6861065098360196,0.5085860153990386,-0.07679234369983842,-0.7263377856296529,0.9
-1.1839264601508912,-0.5371503723871675,-0.5817037320219315,0.7181886218451395,-0.5086066510322793,0.5425572798086433,-0.5167778182748619,-0.548032788845469,-0.5318913558529084,0.6393630822353938,-0.8760867986293389,-1.2209254809439603,0.94
0.5164160465549186,-0.7422357061605978,0.1703705961100347,0.05627561478781779,0.1560943029127233,0.0738610619302323,-0.7397070596044494,0.164040266509241,-0.7485355363004059,0.06627428484503203,-0.5648603398200484,0.19832616647970472,0.93
-0.20090447888304905,-0.4638141446272095,-0.6394187699235626,0.9020893154383676,-0.6554920556391728,0.5605235044655217,-0.6854853388748192,-0.6501456361289693,-0.5859606423628104,0.7406634101518312,-0.2842477413004702,-0.4682920315526228,0.93
-0.1157408156087803,-0.263938021983043,-0.7477232087953689,0.751349972511824,-0.740725393697273,0.85062287978671,-0.4259146818713238,-0.7474966913531027,-0.35241970702006864,0.8149193441242893,-1.030620785870796,1.165997744268567,0.96
-0.07838566640100374,-0.32036571518038093,-0.7469265044718713,0.7117963578034211,-0.7660700217382316,0.8132133552993043,-0.12662416040789745,-0.7596389995489295,-0.221078138530618,0.7758222067715799,-0.7200447631866411,-0.5005477508122516,0.93
-0.35698610887740795,-0.827927595686658,-0.7133304935475884,0.8025826901427657,-0.7110015694269627,0.8874887903390002,-0.7852900354673684,-0.7152665839949163,-0.8138719717115623,0.8595805744579594,-0.2458334655545036,-1.070398791065693,0.94
0.0931981204099536,-0.7352043896759021,-0.7004368220521222,0.7159455901295881,-0.7556531196196301,0.966753697961861,-0.44184417626765077,-0.7308074705227859,-0.5874388369522876,0.8571251388963828,-0.9804456613733046,-0.7048339727899003,0.88
-0.4898337769344663,-0.8573673175596378,-0.49642342742391943,0.5870097255468697,-0.2593525408160093,0.2784391815249358,-0.7918246248238231,-0.3812004362912357,-0.8314865859244923,0.4374325317236367,0.5108598322013049,-0.9736316332868067,0.97
-0.05375126181393731,1.7400348856617616,-0.46597687518970543,-0.011631763332088487,-0.5192245122001203,-0.11121720586908633,2.3065569291009633,-0.49435750189025396,2.0579114297149803,-0.06320877227470731,-0.608569647429156,-0.5650591893315091,0.94
-0.06373335891561234,1.5595273187799363,-0.4586503610937312,0.03259652459644178,-0.5311788087532148,-0.11796225928604805,2.0212284645370677,-0.4965451073010163,1.8200443285503074,-0.044555956750259716,-0.7326054074698141,-0.7800973714885662,0.95
2.851358784460894,-0.6733541873071137,2.7550165422455457,-2.289857098191687,2.992527066308675,-2.3412614815745845,-0.45575231436747393,2.884537799264348,-0.5650655459539266,-2.3540041999679735,1.7592491142419695,3.606680501580476,0.69
0.2616529796699898,-0.261158431628329,1.0261814222376067,-0.8893174409667913,1.148843626632289,-0.9073243237765837,-0.009588074689016152,1.0913549142120007,-0.13064162796440365,-0.9132205158999548,0.3110795808772725,0.2198300868385214,0.83
-1.2627678686219084,-0.2592133760803229,-0.051724234024467984,-0.08770090920321684,0.042324311128361186,-0.16719604408147587,-0.12219108935354632,-0.005385194124703075,-0.18932885424100226,-0.1301611800155548,-0.19697848548876906,-0.12423102611658277,0.94
1.0783965326081373,3.4718632594866596,0.197137445352748,-1.2516903502325876,0.585148368001899,-1.311009043877985,3.5496270595861237,0.3900937248007599,3.5487693045162976,-1.3028640569819878,0.10137897413358042,1.101486090711181,0.89
-1.8133288358300321,-0.4331290938032892,-0.30741766287240024,0.3286933230514743,-0.3140095817074313,0.10629915008196986,-0.15799979189849134,-0.31201258902390444,-0.2919078529944796,0.21933881260424562,-2.107651466233164,-0.5767956478222535,0.98
0.02359439369732023,-0.380957131188484,0.6701312027675325,-1.2167540605303295,1.0625838381272796,0.041034958369982034,-0.6489684482773265,0.8673348900649571,-0.5267876342989056,-0.5877286973988815,0.9464544961818782,-1.3391964838183184,0.86
0.15054709234369185,0.6624094726615636,0.13350237808074233,-0.5394650273841337,0.26267012238305076,-0.43644797323690515,0.5296560084644252,0.19803092208551074,0.5989347566058663,-0.49517187844554494,0.32044586107922424,0.3596047627778483,0.86
-0.5974029582168667,1.2634440106861633,0.010619241899554474,-0.37482311546106484,0.18255826755733126,-0.45601709121826073,0.6265424015461049,0.09579151119255039,0.9392123844887911,-0.422877426095193,-0.3338639725348827,0.04779958412050123,0.88
0.6028225478921456,1.25303765969876,0.182564331047097,-0.743836177115976,0.3570786646970982,-0.5391648614575811,1.6483891555659367,0.2697562454276046,1.475268810992554,-0.6504474580045666,0.27130661633657854,0.41336429487722964,0.86
-0.44018561706161435,-0.6312352990718463,-0.632044740477647,0.7698087172556528,-0.6914512748410776,0.8408239448526991,-0.7688109463255899,-0.6641937803928802,-0.7105768852056846,0.8191004588063459,0.15257552424980314,-0.17799055821596407,0.93
-0.16073583185602258,-0.3042623635796405,-0.6474722239934376,0.04536204886691086,-0.6120642776940962,1.2606554705688822,-0.37690971800095163,-0.6327458268039324,-0.34585988467549494,0.6731964352227658,1.5773438112457348,0.692913861794012,0.9
-1.7431225260576089,-0.5196003622169626,-0.7076149930009272,0.62019446414415,-0.7133780753491152,0.7200137762348647,-0.5122753268280362,-0.7135326501062333,-0.521069287740686,0.6818908839409211,-0.04743117520668447,-1.3391964838183184,0.96
-0.7251293401261645,-0.4409010821225305,-0.6811863467935508,0.8242840219907266,-0.6916952179107767,0.6801172042474701,-0.5452085236246565,-0.6893391725535516,-0.5006685886990089,0.7634372728574867,-0.09088030836573657,0.3165971370983433,0.91
1.57696987199403,0.6157617742310342,2.5816175987244705,-2.334964272626625,2.549700657335473,-2.405320277944266,0.5593286153778655,2.5769955440239727,0.5922179822827396,-2.4096314896611015,0.6526838157530772,0.8756962709319085,0.9
-0.9304427414540367,-0.21577435092800606,0.01424668946593438,-1.268931732418602,0.33501377782769093,0.7175255865768768,0.1767177642583028,0.17311880989236222,-0.010173517285817826,-0.26477220169010984,-0.27408166556687125,-1.3499483579824754,0.97
-0.7618883864895912,-0.7655974830152816,-0.49212766693930976,0.711096683332734,-0.5828288468611722,0.6030836465617274,-0.7958199263376627,-0.5391646317318839,-0.7894791848725784,0.667045538953138,0.06380785632760434,-0.27475760847578623,0.91
0.5599240128372841,-0.7627845191461613,1.5931984614197048,-1.2432870928176565,1.629511247920172,-1.068010659274532,-0.9049241916422475,1.618076232642108,-0.8458965611655154,-1.1732720958472134,0.1436332320405328,0.03704757018156083,0.84
-0.12029792594898892,-0.6874674115504634,0.6275340417920573,-0.2601797556337722,0.6978995432495411,-0.506560678914619,-0.5604110535686441,0.6650892858874139,-0.6272671523933355,-0.39158661594353505,0.41733193545218883,-0.382276780193613,0.78
0.38812160346797064,-0.8350464354284535,-0.5559988425657426,0.8327234288204897,-0.5994716369181807,0.6536369187929955,-0.712692287856061,-0.5799298329945314,-0.7788547710493765,0.753996845310154,-0.6739794313909327,0.06930328944118962,0.96
0.5666901291046463,-0.6423147937822209,-0.6559299958841744,0.7327872476639286,-0.7101556725821813,0.8595613538518874,-0.6098888964015978,-0.6856174520370719,-0.6317559281157671,0.8102421983069793,-0.4911394275926511,1.2842687148872063,0.95
0.0028219686055223543,-0.6684021788006753,-0.6702946305288329,0.9415473589937451,-0.7099219379277022,0.7527162643690655,-0.7817569799779932,-0.6928167031203899,-0.735301521472309,0.8595805744579594,-0.6198631457796566,0.0047918509219320535,0.96
0.3262713849533332,-0.23910113366558475,1.7781129727392404,-1.5241137162604261,1.9997744449444677,-1.6080622745280733,-0.011048514098765798,1.8955568776931428,-0.12080978341232036,-1.592472324142473,1.233186012323102,0.05855149054037749,0.92
0.16487048935006018,-0.6216056984148316,-0.13352004814944693,0.3225229250212033,-0.1534209742180223,0.3307087434490131,-0.6351672958551942,-0.14395113070924476,-0.6351837204856239,0.33204586955219706,-0.45597733247236216,-0.4682920315526228,0.91
-0.2835302998254259,-0.641549738308016,-0.7259707075225234,1.0639156300020156,-0.7768742969593015,0.7395198420403485,-0.6831797556899364,-0.7543167288963809,-0.670195021626167,0.9140082432862652,-0.45683976259383857,-0.8123530369886628,0.95
-0.018286700777330064,-0.7518738042005702,-0.40356138723203,0.46873606231382015,-0.14844365411449942,0.4914126978302362,-0.7833582928976381,-0.2790013329955791,-0.7762825117050131,0.48813853450632694,-0.3230233704492907,-0.7908492241489105,0.95
-0.42331822261592283,-0.6519537427028188,-0.6965154289438948,0.697196483848419,-0.6669187334650046,0.8322584806768113,-0.3830482042221233,-0.6848785426281555,-0.5162799722759587,0.7783432110901188,-0.05629156064464141,-0.2532539031550979,0.94
-0.37365221861681974,-0.6431856384903342,-0.6008238640173994,0.680594241578576,-0.6480237865001656,0.7954359769754249,-0.8428668034825951,-0.6267942578631409,-0.7555345933275074,0.7510345763561072,0.23152401570514164,-0.42528440587311805,0.95
-0.19142960094395697,-0.7763185905919292,-0.5887780119438364,0.71011317865224,-0.5844402391457385,0.7455230551127229,-0.7434933224138177,-0.5891801461272937,-0.7669273630780462,0.7400518244793118,0.08650566807214864,0.4778757333964872,0.92
-0.36841495279857045,-0.5601941010316073,-0.6939260569590393,0.7449079793756619,-0.7115559747914478,0.8704239240369946,-0.8760036223567286,-0.7056596529900514,-0.733177995790167,0.8219128656809044,0.4625926536708786,-0.382276780193613,0.98
-0.26284690616592526,-0.8415980095258605,-0.4784131380256269,0.8799204706063258,-0.47545194946983327,0.3537964154512223,-0.5813750123570806,-0.4790188699086762,-0.7124733026864576,0.6228986279338127,-0.2654429102159971,-0.18874246463584032,0.96
0.5960524869929077,-0.8539017406905062,-0.7379453807015809,0.7608744247292671,-0.7749429881309076,1.04849896405885,-0.5204063617504362,-0.7594584666172945,-0.6861065098360196,0.9217893662261261,0.07584815171066846,-0.382276780193613,0.96
0.05275951645096768,-0.020696574825145746,-0.6268578435486181,0.6926875899657912,-0.6618648667197408,0.5046292891260379,-0.04366032233873673,-0.6469043267829471,-0.03306869702109296,0.6070307793255312,-0.8002170381663087,0.6068986104350023,0.96
0.5105082328023615,-0.6520512073171519,-0.7463415192953555,0.7329126053364189,-0.7792609468930662,1.0639306290976602,-0.6475796530650365,-0.7658718757889813,-0.6563941482045853,0.915759086947924,0.738965372263647,-1.0596468846458167,0.96
2.33763496774658,-0.33051615605260426,2.4452750652130804,-1.9921370017811548,2.3412128213492815,-1.9856374937987884,-0.24708963516764354,2.4043437359418998,-0.2897439828527762,-2.0215142408485365,1.1626980085398972,2.5637455788524792,0.81
-1.2138934646200161,-0.02724273233848987,-0.3499625929930322,0.1635873759503052,-0.3150184087074128,0.3270157046330851,-0.3034215664312269,-0.3341774147659775,-0.17375761486869365,0.250603835254276,-0.8503391641647148,-0.07047149401720146,0.97
-0.20353260781847018,-0.6594152004001017,-0.4397403996578315,0.5671804765506857,-0.38693763374997175,0.52728210705446,-0.5517356377971185,-0.41550230294996515,-0.6091861018121829,0.5559118154072678,-0.26654142456066987,0.5961468115341901,0.94
0.11968943846981213,0.5630460722030347,0.0698053822067742,-0.24040218919358855,0.2348081972851134,-0.44092201718709223,0.9598058873994089,0.1517998730740697,0.7789218599647114,-0.34781986491330985,-0.21979674836759772,0.8111848324126509,0.88
0.5949777138928471,-0.20667690566035057,-0.10509156852517297,-0.019042885943372154,0.011055977278394257,0.2713316273373774,-0.3122203291772977,-0.048042518415586835,-0.2646883337665262,0.130476932088205,0.2098042671709866,1.5745699731857365,0.82
-1.7616903661068124,-0.25736541399764706,-0.618783399710632,0.3581723779449004,-0.6383388163091451,0.2699866426952743,-0.25438360096775414,-0.6311448911281153,-0.25843524707084514,0.3185535082697971,-0.9137735495242278,-1.210173574524084,0.97
1.4357032350453143,2.0459891189288117,0.7733934425349251,-1.1613055587755048,0.8612964312387686,-1.130628573816656,1.8352935916725543,0.8202630771464571,1.955483823590788,-1.1645566378040935,0.4097531500830173,1.9078792872400283,0.86
-0.7071283425935024,-0.6577182802549002,-0.5767708596825128,0.6246737039302541,-0.5988242057260316,0.750787120211347,-0.4690423129961938,-0.5901871269292586,-0.5645847605901436,0.700011425537189,-0.33034198136840753,0.6068986104350023,0.94
-0.9511079734021654,-0.1469294574824813,-0.6879196819437019,0.6532874424867513,-0.7116406036477086,0.7045051646830259,-0.23404532789770535,-0.7026428970857199,-0.19456874996592052,0.6904492550567087,-0.6806427881395433,0.1553185408001997,0.93
-1.3224717725755022,0.26371672227382936,-0.33213560733736003,0.23940138935680091,-0.420852425943954,0.2008674478255137,0.15152500966521468,-0.3774972657199198,0.20702613976263268,0.22345133340717968,-1.0411000345535348,-0.5865630021712617,0.94
-0.9307520117908985,0.358882739371077,-0.3792570393296349,0.14268811105919138,-0.24967189393386643,0.2207926299967965,0.5216179760131717,-0.3167423847084607,0.44874320962283026,0.18533427089583254,-0.388380155911982,0.3918604820374771,0.92
-0.44931050937789196,-0.034443258880071936,-0.4040019839500899,0.3803185166248739,-0.3459858065741975,0.2672425631020067,0.3090046135784066,-0.37702798147649197,0.14705520651918497,0.3282202047223395,-0.5401823114278699,0.45637192055673464,0.95
-0.39920473682450597,0.31025345400073623,0.21418438949113103,-0.3273892346620993,0.1614449941975929,-0.26745137670577795,0.3263764869189993,0.1890008801837678,0.32198345022547065,-0.30184044616790034,-0.6719269440627271,0.6068986104350023,0.9
0.22093243206940158,-0.6357189226581813,0.34367228840086805,-0.6948092073665479,-0.33356239728552617,0.6454521032888849,0.0739490595486528,0.009864568252282166,-0.26649783504476365,-0.014652702885869744,4.123647063699419,4.552848266529586,0.72
1.6652683762349112,-0.9040829454563483,0.16969325839588842,-0.17215971103491606,0.7020244770321846,-0.11363812255964287,-0.3926415168592306,0.4339830547770007,-0.6425831258382151,-0.14479128120433055,1.8069670356000593,1.6713375610408794,0.94
-0.0727027740659791,-0.49241541495647656,0.20406814738880782,0.08859496123468798,0.03811735605024036,-0.0019353230265968982,-0.4845047152469163,0.12279034724100492,-0.49329446160076235,0.043337129892232824,0.1595857802651523,-0.5650591893315091,0.99
0.9597769149105545,-0.9046297185039331,1.2718039492970685,-1.1388128437819451,1.400887361053704,-0.785159403647295,-0.6256613706783313,1.3412202404534745,-0.7662281880558448,-0.9750391317380883,0.1082976872868741,-0.26400580957497416,0.97
-0.17680454490498496,-0.3886859902818851,-0.623366615398002,0.9146534367298642,-0.58028735279753,0.482173995458717,-0.5255975626351996,-0.6047377909301865,-0.46517975459137195,0.70652270140136,-0.7339448240830561,0.5101313451370518,0.97
-0.2472363287589224,-0.940967044754495,-0.670487625292748,0.842144530253339,-0.6874481827976945,0.9207567418586543,-0.8563223480830219,-0.681788321990346,-0.9058323204437467,0.8965447843247143,-0.8548199463600928,-0.952127820447054,0.98
-0.3322120694280989,-0.7569881087491859,-0.6310184415742436,0.5480852530166769,-0.646851828707272,0.9192713856082072,-0.36272232396643384,-0.6415901567612436,-0.5560180395627398,0.7486216736444476,-0.458588713063647,-0.436036312292994,0.96
-0.5118614300580263,-0.16158293816498948,-0.6932964956887147,0.5688602493360269,-0.5831271225656408,0.7333018370083696,-0.18761414680164135,-0.6417544788005963,-0.17702919068605866,0.6630582145753586,-0.14837886182771676,0.40261238845735337,0.92
0.009741150315899231,-0.21935858796039187,0.6604816857692112,-0.5883130822138986,0.7967332075401686,-0.4487334329855084,-0.37521263786391273,0.7307995011230287,-0.30413960948603325,-0.5259562815624399,0.14959315416492225,-0.3070134352544789,0.94
-0.8815474307079567,-0.7850570275893336,-0.7255636896397518,0.8097944467944221,-0.7318580123320053,0.9558023678830887,-0.8134899486884991,-0.7318220897539847,-0.8081914597079634,0.8984392437242295,-0.06366317006284364,-0.4467882187128703,0.95
-0.5568834537011613,0.9832186720681828,-0.6441182224189916,0.18711461061244414,-0.6492650622918135,0.4341555181703992,1.4074981811377367,-0.6494558029902011,1.2179901324467375,0.3176615552803514,0.08274277463710474,-0.19949437105571657,0.93
-0.824459581332067,1.6403411963846448,-0.6939929217545977,0.02435644805069369,-0.7048390146075556,0.3976283224555752,1.5887205126557462,-0.7023681643926041,1.6298900446539417,0.21736420065918152,-0.20041856988392998,-0.26400580957497416,0.93
-0.1597970329800365,-0.3223568710304115,-0.6079226490129113,0.9361256723423499,-0.5699848664931826,0.3724663412706905,-0.4976237103113276,-0.5917724682639522,-0.418476819549824,0.6606591550251987,-0.3952169622939614,-0.8123530369886628,0.97
0.4390977040427585,-0.15127660447924385,-0.468904848993868,0.44070296117412755,-0.38993796251761864,0.40496105987524206,-0.06441620698880499,-0.4318393060587796,-0.10684157450582683,0.42950099382898277,-1.1588482453845497,-0.21024627747559285,0.91
-0.34103999843433286,-0.887812119943489,-0.6093794452121915,0.7320634646777902,-0.6807477616041125,0.9593100564744281,-0.8332922195464757,-0.6473525588912515,-0.8680811929660193,0.8613501341643468,-1.152584786401763,-0.8876163819277966,0.96
0.01769111904516397,-0.6958710123107487,-0.25769939595877617,0.25819457925587924,-0.25305326134751627,0.6253048651249219,-0.6361165814715314,-0.2565151008822677,-0.6713930783289846,0.45186494344104944,-0.8842100231254757,-0.33926915451410794,0.92
0.19588734186025328,-0.0034135354054371852,-0.7389471333644309,0.8876626745941087,-0.7490650764643447,0.47373216662934947,0.0690136052282652,-0.7471565497156601,0.03490093366295466,0.6886596930059978,-0.6207785744002183,-0.09197530685695399,0.9
1.8353464638362145,-0.2696099723295326,2.4459464118765992,-2.0418496043659102,2.501951633107807,-2.0108347006731337,-0.47662145478645107,2.4842667125459297,-0.381995613542027,-2.059393728173643,0.28299037636216107,4.16577963541404,0.81
0.20101758416029242,0.3128451214407169,1.701290540444757,-1.7742015983181163,1.9272711441005603,-1.6381114223578483,0.756807652262073,1.8205401437772615,0.5511394283165681,-1.733129603863289,0.5321363205612943,0.34885274883890793,0.87
0.4974077383893311,-0.09362553731104295,1.1568386160251554,-0.9889498986482415,1.173767269843885,-0.9018970448465063,-0.21557981355152686,1.1702296965755778,-0.15916291280665726,-0.9602793195428837,0.4231087718524664,0.9939672415505474,0.87
0.08359828891396993,-0.460481895577477,-0.5853016628808638,0.8070620161865537,-0.570102674096498,0.5906244297456412,-0.8106026474393052,-0.5803114005369275,-0.6506071267134834,0.7086407294987866,-0.7606223413043551,0.8541924580921559,0.88
0.4800901261968648,-0.764899425642355,-0.10086571344588892,0.2833325591532633,-0.12131586356556866,0.3742069152804388,-0.6658779683621012,-0.11142730247095696,-0.7203403178026723,0.3348787302949342,-0.2833612209521372,0.10155900870081899,0.95
0.042780036316828064,-0.8887115350204497,-0.7297284402696398,0.7342636824732588,-0.7037080588541813,1.0928886841802408,-0.8345172752859945,-0.7200060032906496,-0.8691622885465925,0.9313775102784676,-0.25800866620796653,1.338028246986587,0.88
0.1082235524458214,-0.820622614194241,-0.40235458372682165,0.833890935694172,-0.3480917622210274,0.328670627335341,-0.9497935677394573,-0.37723171762532015,-0.8974630633692661,0.5868991174414532,-0.21946430323697264,-1.3391964838183184,0.91
-0.6670887406049641,-0.6589766704749374,-0.6677518703022383,0.7696649395868708,-0.6665644221450445,0.9323804670284771,-0.9355361974469956,-0.6700557190277523,-0.8121946250210613,0.866271498417439,-0.16107922942665953,-0.26400580957497416,0.99
-1.2993013450192246,-0.32139476790505966,-0.6904324598366154,0.6311153767761599,-0.665417128347079,0.93101122198784,-0.705730860002922,-0.6810374446368422,-0.5282053347305729,0.7962303369692764,-0.5857995650040413,0.17682224612088807,0.93
0.03093341165330683,1.1399812912323621,-0.17320915931320627,-0.005986216864598849,-0.270904511001177,0.0675094283540328,0.5927767982230993,-0.22232780848414044,0.86197296211053,0.03183904165127992,-0.43689787280172,0.8864481773517847,0.94
0.5701526123920749,0.7814520383948257,0.507791778201968,-0.4319164138657272,0.34723402917359253,-0.6637816031819426,0.7829712536312611,0.4304993482450959,0.7902987748154432,-0.558654830422783,-0.5922750179831676,0.692913861794012,0.84
-0.11810174981167179,-0.3029694717829315,-0.711176047650616,0.8084256321500635,-0.6974211105680796,0.7663505079204596,-0.5843715776077624,-0.7074458375852076,-0.45508768085193885,0.7999974472262841,-0.6645890609621236,-0.9306240076073017,0.97
-0.2992052957024416,-0.36873455176745096,-0.6711003710706093,0.8782257136859205,-0.583103291660793,0.5721093178839088,-0.504158445143099,-0.630439640725329,-0.44423527130400414,0.7346995579985447,0.30734077766908596,-1.1779178552644554,0.96
0.7243604934638718,-0.6971623839220102,-0.16447319810531721,0.4122931250750157,0.20474659655884592,0.045152642082323974,-0.7336781980994657,0.017613691772313263,-0.7236720752690131,0.22962334668119896,0.4089822628235973,0.897200083771661,0.82
-0.44444218431341315,-0.3967969566113183,-0.6918662272518494,0.8762368349184861,-0.6815652388440084,0.6839221546704228,-0.688960695850646,-0.6897624298991589,-0.5555789924588346,0.7913994696391161,-0.17862173262383305,-0.6295706278507667,0.92
-1.10150298274539,0.46505613155091363,-0.3779148397780074,0.2442429397271437,-0.3107256469573827,0.07701771856127615,0.5245986127562309,-0.3462863439659093,0.5013695368564374,0.16196797637135413,-0.867274593645095,-0.29626163635366703,0.91
0.5748735926358411,-0.6774975191950696,-0.7157822569677215,0.7183655949896696,-0.6455105283892583,0.9716432826453487,-0.908953460266119,-0.6840907708294044,-0.8070240884338292,0.8608592031045195,-0.4994216475860437,-0.9628797268669305,0.98
-0.2819279151869186,-0.01690680391273528,-0.6584337468722857,0.459319485126275,-0.7340518151050925,0.8175906130105478,0.07710140423686651,-0.6987233279626396,0.032695803979512945,0.651733359217311,-0.30426671981853065,-0.31776534167435544,0.92
0.08518397255230101,0.3807927954551842,-0.5117365246793993,0.315339411390774,-0.4089248019141541,0.32702628737102035,0.3289501524365683,-0.46305099026337543,0.3572614590839339,0.3265508692187839,-0.30061464142702904,-0.2209981838954691,0.92
-0.13151664917565048,-0.9883103215513583,-0.7069080270119245,0.782659151016814,-0.7760173442892035,1.0566350381055376,-0.7192997448014133,-0.74418507461295,-0.8560425523484497,0.9368893388509288,-0.011093477015779956,-0.5112996572321278,0.97
0.43263974508022673,0.6618451289191737,1.004194146522655,-1.355377147769911,1.1977030663916988,-1.2181429763459826,1.288076146478653,1.104348329109688,1.000240899589258,-1.3068335340951671,-0.2865604030787303,-0.2209981838954691,0.88
-0.5328276904500109,-0.49799949730958243,-0.3109844049222202,0.3112222071857583,-0.38213586223742135,0.4027616620086971,-0.4209959051280358,-0.34755793061953427,-0.4623518711922572,0.36356979716680604,0.13842492499407663,-0.5112996572321278,0.94
-0.9705102331308233,0.29036964156439526,-0.14615264567034922,0.093421633993595,0.06683236160087845,-0.2421982347927029,0.10599979530024367,-0.041337597433992755,0.19573560564023182,-0.07822265218087202,-0.47325966121948193,-0.8123530369886628,0.97
-0.7050644455837841,0.8623198073369576,0.7420478165672424,-1.1837727783280534,0.8814838305583995,-1.009061942119279,1.206867617173943,0.8142954887157196,1.0536297297998745,-1.113071803480029,-0.5956283775616446,-0.5543072829116329,0.93
0.2555999252969295,0.7628888852413382,0.5730758498477131,-0.5278458073831356,0.49227983365143607,-0.9366506125326237,0.8359431894192793,0.5355558328384863,0.8094218439071748,-0.7474608554576653,-0.24716324607700302,-0.19949437105571657,0.94
-1.0419318486685156,0.4065320496044677,0.095487148823872,-0.12466154194278456,-0.061228576626973,-0.30941561903986514,-0.010637536174413766,0.01831137249124418,0.18982787535651072,-0.22204249207830284,-0.7845487546185995,-0.952127820447054,0.97
-0.7094737586095674,1.7188734087529978,0.8351100177097107,-1.2843671003779162,0.922828720022825,-1.183837038834747,1.184923039357983,0.8821556811423131,1.4538407093569872,-1.2535960364441852,-0.6333681269556188,-0.5650591893315091,0.96
-0.8527393325130954,-0.9836950939794047,-0.6306946547903681,0.9585455648131926,-0.6282019491146639,0.7600022318931065,-0.8739785810093124,-0.6321917970230074,-0.9357247770370559,0.8718465657712587,0.15216599039323617,-0.14573494647539942,0.96
0.39843750176087156,-0.9040829454563483,-0.7142324585648951,0.8787372801284922,-0.7728498060680109,0.9746544314039494,-0.8554540319196816,-0.746346695456886,-0.8876387009562886,0.94266807186774,-0.3541190352761395,-0.3070134352544789,0.99
0.12345219624704813,-0.28158468541943066,-0.5376839753379221,0.7095894327862425,-0.5702280280101462,0.5342175022209792,-0.3563175053501832,-0.5561248782454129,-0.32405305642484317,0.6307564636253422,-0.46256360049503076,0.33810084241903166,0.87
0.36990330417381534,-0.8061845331268757,-0.2037949312542702,0.8004551085890451,-0.3200479512241959,0.12162391102583484,-0.6115468361075111,-0.26223385719687814,-0.71142226698783,0.4633310497738423,0.6007452866496633,-0.11347901217764236,0.9
-0.08384520497192395,1.075431110046617,0.7382866603282918,-0.6993102243424211,0.3326997935380533,-0.34327360960762177,-0.11818634919798522,0.5406795293744142,0.45448789648402976,-0.527085735016552,0.5625574590361511,-1.038143071806064,0.92
-0.2431773989167896,-0.9577095202101593,-0.7069781358084152,0.8767958867092506,-0.7079626066883038,0.8855400247427831,-0.8867279841845375,-0.710527164699183,-0.9299816370651258,0.8957136728774306,-1.3147650116475915,0.5853947975952498,0.92
0.253822105131415,-0.8545610170982703,-0.5362568428266633,0.6387875648032169,-0.6306071915224406,0.7664881628648178,-0.522202307511074,-0.5852916002785933,-0.6873744286495994,0.7151761610578292,1.0139890381524308,-0.11347901217764236,0.96
0.9189243826076888,-0.5130558378764752,-0.7442059067449646,0.681751817754736,-0.7483808111124673,1.1056206194088554,-0.8101522778000079,-0.7494957233529903,-0.6756461796239869,0.9116685475042107,-0.0754914714495679,-0.6080668150110141,0.88
-0.4351805349268251,0.766933978497676,-0.5281193075112851,0.19820976075454416,-0.5789926294066178,0.2449057177601352,1.2623894362183805,-0.5555935333123421,1.0371666453354775,0.225561387844083,-0.9287962149921728,0.09080710228094213,0.89
0.869197109525351,2.9044580744586956,-0.7439352998949584,-0.17708709119307195,-0.7780234784988066,0.2140281832591546,2.782660155227078,-0.7640338797388637,2.8698583057206495,0.021818088042194688,-0.16030834216723946,-0.7908492241489105,0.93
-0.5209826929640969,-0.7710611243764578,-0.6872505990728077,0.8164938003017149,-0.6936444168619301,0.7701131394284095,-0.4754682463990915,-0.6933923410915317,-0.622482413436458,0.8059765273521503,-0.450234222389684,0.026295556242620432,0.97
0.29300313158378005,0.13392095843002977,-0.6294702602468495,0.5948516522470915,-0.6069424375567912,0.5071849953583224,0.05680375936304531,-0.6210427987451601,0.09446625928789362,0.5593892857181881,-0.6625751179968898,-0.6295706278507667,0.92
0.736262137049015,-0.7422357061605978,-0.1717891553359698,-0.0283423104548951,-0.28115359054370975,0.8033300299358066,-0.5652097301292129,-0.22667896879949032,-0.6561405771331141,0.4003333621063114,-0.3164515565627356,0.5423872794348089,0.97
0.11133589935787092,-0.672128282921155,-0.7222303387400741,0.862549996932191,-0.7406685770092453,0.9289079939719447,-0.8823742573187305,-0.7344867045916197,-0.7903690845878768,0.9109623631702791,0.37081852543694155,-0.08122340043707803,0.95
-0.8115582787254993,-0.8006023600456248,-0.6499571851634807,0.5695058261214457,-0.6663314294575639,0.949955382673889,-0.7145074452618938,-0.6608786920768304,-0.76325519168637,0.7751740975747566,-0.5336008614505727,-1.038143071806064,0.95
0.5009251461994225,-0.8979835155782293,-0.5685055544423321,0.5899247873045441,-0.5825536836196675,0.8861113905720411,-0.8471462530405112,-0.5779226792730108,-0.8803071953431824,0.752449021008511,0.35758335480177683,-0.05971958759732521,0.96
-0.4385173436416184,-0.5493473440753792,-0.5481872599351716,0.56199454354055,-0.5269453700624022,0.658170953280884,-0.18297270222547218,-0.5400444562195669,-0.3610084773469445,0.6208550032595981,-0.07544329099585399,-0.6403225342706428,0.98
-0.604606403271995,0.15480567049335728,-0.591573057254499,0.4174592174538072,-0.6259403336514928,0.6039076607790255,0.20078661544496615,-0.6111500011778895,0.1807454026496468,0.5205251469207282,-0.15485431480684397,-0.6295706278507667,0.99
-0.18937604464801833,0.13513079944423043,-0.48015862210301063,0.42160786102310854,-0.4231905719307706,0.37204858982280065,0.2462177154169625,-0.45403334496007525,0.1953411453734988,0.40296242315537145,-0.16330998443360542,-0.42528440587311805,0.97
0.11225241324265596,2.2246479745146077,-0.17225139337160372,-0.4766171334803864,-0.026646314788937083,-0.3889676541652334,2.3441878656010227,-0.10090888443385072,2.3108383975843734,-0.4392210277984962,-0.2582881128395062,0.19832616647970472,0.95
-1.0268195397207374,-0.17429489670199821,-0.5858586171710999,0.7367251761319383,-0.6339068834506094,0.4817557932066824,-0.505589809225174,-0.6121842143127164,-0.35150669717862243,0.6172659160637461,-0.5727474800929884,-0.8876163819277966,0.96
-1.2577932710617503,-0.004005307943269939,0.1444859569693096,-0.146524293145602,0.14746443937939005,-0.4700184141737989,0.2449905623127553,0.14658629818046304,0.1277948200920158,-0.31585404771385533,-0.7853051877419055,-1.0166393127258437,0.95
1.3164115425195455,0.43640361644346054,0.6968588331835167,-0.5987298065354042,0.23785610412815367,-0.8521592668990654,1.6450897765571137,0.4726263292305511,1.0808846552119722,-0.7393361033547047,5.1443596117157915,1.5100587497046072,0.78
-0.25368192681614854,3.6248350881329543,0.625776921898268,-1.4972182036204114,0.5457387734984185,-1.513301476392683,3.6412619931875225,0.5888603479409977,3.67083804277462,-1.5301165583620389,-0.4891062124459315,-0.4575401251327465,0.93
-0.27646637356512277,0.9134788462079738,0.3134084536360159,-0.5047455032039563,0.31400284093205033,-0.571366674400834,0.8093533243279897,0.3150599709429138,0.8677462834965146,-0.547414909906083,-0.6933431557384852,-0.17799055821596407,0.96
-1.056131952314719,-0.09844060601442901,-0.08138313618390149,0.021906012421552913,0.02176723662100891,-0.15888708274966218,-0.16497827205784799,-0.030666260130259408,-0.1346848779925736,-0.07102296178160385,-0.7005220433418325,-0.4037805930333652,0.94
-0.13805485050108662,2.6791204509240383,-0.08801143841656656,-0.8793987865366751,-0.047602469455890105,-0.7386524419593598,2.505412881615265,-0.0683862694815276,2.6147158669202555,-0.8212225350822114,-0.5564913950099718,-0.4037805930333652,0.97
-0.9297977883023343,0.07871393979147563,-0.0804974041549629,0.15195096141288722,-0.13052538653793427,-0.10359708444843747,0.17874762016396697,-0.10561464591960391,0.13249106982707504,0.022585224522828327,-0.21850551220806927,-0.5220515636520041,0.96
-1.1191048821420873,0.4789208577556437,-0.08818316792611332,-0.052357947708997744,-0.03459530196275097,-0.2354784551794178,0.21661943118701327,-0.062033926705252956,0.34496314226644753,-0.14770802511064798,-0.839604559077293,-0.9306240076073017,0.98
1.099168247469119,-0.8102096951214138,-0.745470762139503,1.2662020523492068,-0.755079086834784,0.5788912896025681,-0.7431269600404458,-0.7534561196423541,-0.7830281999234255,0.9323548142176866,-0.6232984121294469,-0.5328034700718803,0.92
0.47651747323267346,-0.2252643365083011,-0.7620401684343404,0.6087730242554513,-0.7587387892320983,0.8960960693948359,-0.38003902203742584,-0.76370574137734,-0.30953462220284095,0.7670333569602672,-0.7759148173130969,-0.005960055497943908,0.9
-0.5403177855747977,-0.6828821024081093,-0.6742009422693436,0.8364624065298782,-0.6149280322142966,0.6355059983724987,-0.595801983461264,-0.6477748535177013,-0.6438017566367227,0.7465124290667653,0.6232214683071239,0.4456200141368584,0.97
-0.4560738084843233,1.1636938792199885,-0.6957565634909074,0.17052244737624306,-0.724812301080868,0.1670050662961495,1.7376613914206387,-0.7131549615364212,1.4795813191830811,0.1715091831204789,0.6916425306260096,1.7250968781021323,0.94
-0.4130702078916748,1.4497157053783962,-0.7286329118870482,0.2772950956835078,-0.7407112010827697,0.2156593828875405,1.6225807095925302,-0.737768220765139,1.5561661294638995,0.25004716656236986,0.503247320514534,0.18757415254076432,0.93
-1.0057462774241488,-0.6757822688973675,-0.7025481644998365,0.7119037916898882,-0.699673100585691,0.8735708321776332,-0.7482180261259513,-0.7041671697732956,-0.7210912529451665,0.8070203129028324,0.4645246898647989,-0.12423102611658277,0.94
0.8218181037352674,-0.22354674797228422,2.347114171696751,-1.9656062042060694,2.2840761481046026,-1.9848891318740944,-0.04393722528016291,2.3260686667013224,-0.1307455571313868,-2.0078512276613885,1.0044541263624818,1.1122382121691863,0.87
-0.496515173024238,0.22619720407400107,2.2020464408205207,-2.057687991275747,2.0921370455373722,-2.0451982987464854,0.0515005685161617,2.157166892002162,0.13602462541171925,-2.0850513146415244,0.4115165546889403,-0.7370896920495291,0.98
0.9164286892588099,0.9470275424862555,2.4207095083363983,-2.3818672165551966,2.65383062611919,-2.468171492262483,0.967898270445656,2.546609847395398,0.9678247746894589,-2.4655343298260988,0.21524865844063915,0.4671238269766109,0.85
1.3247552551997666,-0.45358621855422315,2.9360294762452575,-2.218875358598295,2.1843394272213126,-2.173600396895168,-0.39027239411648124,2.5765856178189557,-0.4247301366015772,-2.2319698672342994,0.4497043823024525,0.1553185408001997,0.88
0.5712726499722596,2.320555984633078,1.7133918604804306,-2.1260136360825945,1.8459843563808536,-2.115895520353283,2.0760802437778887,1.7864578136819733,2.214990041234037,-2.15572328444172,0.3834562584460568,0.6176505168548786,0.85
2.495075006803085,-0.07209682677115563,2.8626019459871506,-2.331037336336914,2.6558982013412527,-2.3981159174202213,-0.16609439244753998,2.772660510478319,-0.1226097815945645,-2.4039488888445937,0.8764627510719254,2.0584059771182956,0.77
3.386227557325317,-0.17467021877951774,2.392852788087664,-2.4038565456878587,3.2489180175121724,-2.4364580358715417,0.20815747503350399,2.8270494773693886,0.026236403715197417,-2.4601744106728085,1.3480289417951785,-0.4575401251327465,0.84
1.2475663823670522,-0.5058621247944383,2.894722757940286,-2.188380584434353,2.4190730199194066,-2.239464958256344,-0.20723290301272285,2.6717664041207763,-0.35294639477181344,-2.250695294523962,2.7027283949552143,1.2735168084673294,0.73
3.6565268269877507,-0.9858760985989101,2.9463362741411285,-2.4008334391028825,3.262917467656885,-2.467229627278611,-0.7639983178045263,3.1158336083865197,-0.8785397211375557,-2.47453963381208,1.5360001639139726,2.746527987990377,0.72
1.677273009159421,2.949208651929743,2.1480182829868513,-2.263994399842414,1.692768941324192,-2.3250198633210717,1.9878925947842714,1.9319284194122603,2.470551204149989,-2.332681034335582,0.7802319308694671,1.4347954047654734,0.76
3.2449515171032037,0.9091226463408442,2.4363466884623683,-2.3459799925168476,2.7558990812437743,-2.4291746544300454,0.5156329730776387,2.605106502923462,0.7101292166766601,-2.4274529210035607,1.0514397048241235,1.7681045037816374,0.78
1.2474569070133612,-0.24201082473446672,2.9178594561164934,-2.386511115600117,2.8743379226979937,-2.410415128539594,-0.5204063617504362,2.9089481375903454,-0.391909722622599,-2.4380561121151207,0.5369736381141537,2.13366932205743,0.86
2.0770325744223754,2.984816072655743,1.9069042865598664,-2.3739984896381228,1.831136254915387,-2.476932484350934,3.515729012376674,1.8776498468714011,3.2966485592184815,-2.4661172223281853,1.2451106746172533,1.5745699731857365,0.64
-0.18000250036939766,0.9372034300154416,1.0755522067663332,-1.2327269217919412,0.9584350349648432,-1.6316979475225382,0.995857703763895,1.0222257511013486,0.9779056466176802,-1.4588490124413147,0.5256030510377103,0.026295556242620432,0.9
2.60237614639379,1.5229818602118292,2.1994486084539844,-2.3926991160920608,2.695461864236101,-2.4629680803223164,0.8415251899686387,2.4545475424655185,1.177829717896045,-2.4682700082599567,1.5310664854536855,1.413291591925721,0.66
2.8344482968209617,-0.45587171536041343,2.927493193361787,-2.3728676571729586,2.9803293220525,-2.441162582884066,-0.46065436304200197,2.9663298640103872,-0.4630956993319446,-2.4470941167546227,1.314625433235441,1.4562992176052258,0.87
2.3468012999868226,-0.4270142732413736,3.129294090545648,-2.393013153573661,2.795534469278335,-2.4406968434840217,-0.5753623020259542,2.977602759980566,-0.5099580070257888,-2.456935246995041,-0.6664006460217604,3.832470536397876,0.99
2.0136086350586915,3.4470584078777398,2.102363536093029,-2.4028675459695426,1.3943708575522151,-2.4711751153336583,3.8864110307057036,1.760943807816097,3.715167602137203,-2.4775934302619875,1.2494420974061187,-0.7693454113091579,0.98
-1.7249578386285502,-0.0002444805970893441,-0.14652631779889172,0.09948119419309207,-0.1718197318697219,0.12178199534266979,-0.2787341530090761,-0.1596835229028557,-0.14770508092156198,0.11262284909042859,-0.6022194636296846,-1.3391964838183184,0.97
-1.8310311474144805,-0.2134773175937672,-0.19892344959354036,0.13875268777710148,-0.2656994574885736,-0.07350621305956091,-0.5705929635883652,-0.2328454205294273,-0.40476423911742243,0.03150721832309349,-0.3640008463328282,-1.3391964838183184,0.95
0.5633719692444842,0.3418491700296375,0.6533823155200608,-1.0377753538264818,0.867292667021244,-0.7147404295622278,0.746809086160463,0.762117943528005,0.5597903957066455,-0.8881406833180667,0.7028252139329687,-0.1672386517960878,0.92
-0.488847931752762,-0.8627445513469032,-0.6050354225628103,0.7545908559126877,-0.6892974936095728,0.8883563053463482,-0.6576745515973813,-0.6493733673348819,-0.7630405513954861,0.8360115613707721,-0.398888312866949,-1.0596468846458167,0.98
-0.19202788696132292,-0.6142938387762346,-0.5643372831900949,0.8618175441851976,-0.618538971911005,0.5326410234859912,-0.4827094902170481,-0.5936162139249666,-0.5509429775469823,0.7061228205412996,-0.306569745506047,-0.8446087024887595,0.9
-0.5883902125585272,-0.7455777836349002,-0.7262772900903645,0.6126282537024672,-0.6724974103498915,1.0071056003460586,-0.619834981095374,-0.7027962978419747,-0.6866710853796976,0.8262433430358793,-0.31899066647345004,-0.9198720366759869,0.96
-0.23682711595763933,-0.7443059157436258,-0.7365433600858934,0.7296519847520772,-0.7177271427010439,0.9964599288421997,-0.8381121109806484,-0.7304171866616047,-0.8016355901169245,0.8793126156429595,-0.09189209789372535,0.5423872794348089,0.94
0.05148421147199697,-0.912038644819346,-0.7267366597866154,1.0018122568704846,-0.7166536070145396,0.8666170942027988,-0.9912982211043745,-0.7248917704506217,-0.9633922228200704,0.9485116679396979,-0.01280870116798894,-0.12423102611658277,0.92
0.6297040829829984,-0.7868573664070689,-0.5958857399977597,0.7342636824732588,-0.6289495754831722,0.8387696504335825,-0.755455344668201,-0.6148360322519958,-0.7783281966033287,0.8002525742701454,0.8841234432124102,0.7036658757329525,0.96
0.002481808805984663,-0.5688300461860609,-0.588810218551304,0.5739763748826581,-0.5472558871897911,0.6428787115146672,-0.548201955483417,-0.5707867320145043,-0.5637617568233189,0.6189603274376246,0.45680136313448655,-0.15648674537621154,0.94
-1.4089335885592695,-0.2447303399164934,-0.5198051763774306,1.390661991454798,-0.6441443891764667,-0.460407413710887,-0.20102734065034025,-0.5836160480023239,-0.2241085921379072,0.45836240369629894,-1.9935553337936502,-0.18874246463584032,0.97
-0.006908009697751894,-0.3908017194355916,-0.38346567737773357,0.5128045940560508,-0.3711333846304922,0.24416351874806183,-0.4669968038062904,-0.37902063828909627,-0.4351683564678676,0.3826117334795437,0.6036650221447158,-0.08122340043707803,0.94
-0.9620991414036312,-0.17155065865468,-0.27679056054162204,0.18698093654319742,-0.12006145142774381,0.1613078649851579,-0.06654521166924471,-0.2003933059584325,-0.11771661883413682,0.17680579263548463,-0.46284304712657043,-0.4897958443923753,0.94
0.654033667390929,0.8193417822147371,0.3361261186164324,-0.3741946904088331,0.23430997750776417,-0.5506571265722051,1.0474542872863986,0.2871729984945262,0.948557820571642,-0.47139701956103475,-0.5639930916532013,-0.3715248737737367,0.93
-1.006259412777231,-0.10994605603057266,-0.2816360017180094,0.23903266179890148,-0.3566737994182046,0.28716194001697176,-0.09597243752578455,-0.32000654259727584,-0.10367864656749656,0.2677946034766461,-0.5412085550919722,-0.7800973714885662,0.96
0.3028067245854778,-0.031013176416452303,-0.5417356586654458,0.4559167954823826,-0.5773350001993816,0.5616807816075947,0.11463573963758186,-0.5617067682381542,0.04578760294594901,0.5179815602844768,-0.2585290151080749,-0.27475760847578623,0.95
-1.5775346903670666,-0.3910897024401198,-0.32896584556633146,1.20866064214628,-0.7016774792060774,0.0025720491478698985,-0.45575231436747393,-0.5149184046752804,-0.4293529500861251,0.6061796245032265,0.17423745623950126,-0.5767956478222535,0.94
-1.347898256241253,0.015558179207382746,-0.37402034122682365,0.3390841967936996,-0.3332496054774355,0.23105194131904383,-0.24771724393356187,-0.35545464597132276,-0.1236839628876236,0.28891094022532116,-0.6116531964668354,-0.5973148010720736,0.98
0.2585398861034254,-0.8121727864220288,-0.7411205450371084,0.8956731027146211,-0.7106652907632587,0.8555737603288284,-0.730267040141035,-0.7292517556872441,-0.7771628269276488,0.8896979004771697,0.8863493801739846,-0.36077296735386016,0.96
-0.5530764528852093,-0.49508188107532813,-0.6235372627257505,0.6023558883238589,-0.6583940709175466,0.5946984148040688,0.14229762392492704,-0.6434949951384762,-0.16268960381956807,0.6083014027923211,-0.08441449147735232,-0.5328034700718803,0.94
-0.7182916804565438,-0.7694893919300921,-0.04240459472031724,0.3597834223935416,-0.07382585175064556,0.1395632326786794,-0.6297217162398001,-0.058144761980126386,-0.7034027206298078,0.2520614960108849,-0.7501238204401307,-1.1994216681042078,0.96
0.6704825604348624,-0.8965805258456963,0.9721675493904344,-0.6277844862826206,0.9702513738519479,-0.5085095732271896,-0.9495187759695223,0.975428903080784,-0.9338380818853232,-0.5765534090866821,-0.5706516303564404,-0.6833301061906157,0.93
-0.623061130450237,-0.6571605276175333,-0.24989559720897542,0.21583977501309892,-0.1715505717933245,0.5100602547906165,-0.6134850072557486,-0.2121894991494066,-0.6407978604076451,0.3712032456109389,-0.970462671363817,-1.070398791065693,0.97
-0.20663331773677457,-0.40572563869248235,-0.23025584687093523,0.2813488492759968,-0.0782895272381777,0.3862662789920642,-0.5421373054541541,-0.1560151070983842,-0.48213007070138125,0.3401086270507569,0.34500343833711844,-0.9306240076073017,0.99
0.45274820903889246,0.7177637906311923,-0.7334259888865906,0.36694752583352636,-0.7624013572468975,0.647448907071337,0.8854905586771099,-0.750947726723277,0.8139606664410002,0.5177146804116598,-0.12259750104549313,0.8649443645120323,0.92
0.6224132687574292,-0.8355751556214781,-0.7346493525198734,0.8661900421109278,-0.7732479096601831,1.024775966651784,-0.7945490774395237,-0.7569407881470541,-0.8224515036342395,0.9622516490085843,0.4400875637411891,-0.6833301061906157,0.97
0.2050147826453867,1.3477412555254258,-0.5184951677770264,0.13474870161235367,-0.5726926241028897,0.20423383793391736,1.2184164373983268,-0.5475734803718391,1.2931350815762142,0.17281683134124112,-0.6411637243665025,0.2735895114188385,0.91
-0.6461922763505955,-0.4728924671627199,-0.6860194013568759,0.823316446685404,-0.7162278110794335,0.8251531162995079,-0.7395403424106832,-0.7039463149764449,-0.6189471922963444,0.8377913207994313,-0.7558813846589227,-0.2209981838954691,0.96
-0.11591445131075713,-0.44997269100508863,-0.7084436882330696,0.7877318890989073,-0.6399532369226539,0.7864369054490876,-0.7052698382907936,-0.6776023246910753,-0.5897814160623008,0.8000061789388004,-0.8469713504501243,0.6176505168548786,0.92
-0.26721955758785193,0.48822194135314123,-0.21082556291720989,0.08961144849454743,-0.24640014757856962,-0.00071754177244264,0.07724657800540273,-0.22935138462183666,0.27563827160608495,0.044474185436901494,0.1409014003149636,0.17682224612088807,0.92
0.32765606506654804,-0.7962448473852607,-0.6364057627858407,0.9110893493825711,-0.6523930023242552,0.7296387770454468,-0.7469311472970102,-0.6470769798420184,-0.7783281966033287,0.832430472677095,-0.21626030306500896,-0.6403225342706428,0.9
0.3920650727361835,-0.5812216687670018,-0.7189957226285791,0.7924754493667715,-0.7744829042333595,0.9956790355294238,-0.6891713434007667,-0.7495808553393133,-0.6443618202138658,0.9103485476879208,-0.1054645317048866,-1.210173574524084,0.94
0.5507331071922985,-0.8659067041156057,-0.5417662381026854,0.8658208911232589,-0.4530495292696338,0.6130589222662762,-0.8869045954619955,-0.5001891311769125,-0.8859364121529917,0.7496217055822533,-0.3725239685947895,-0.436036312292994,0.94
-0.2268731165441678,-0.5189531015679033,-0.08587891471316346,0.07642273984560728,-0.2775987296212998,0.4867926027476732,-0.4754682463990915,-0.18117048643727668,-0.5012690265288916,0.28942843705981003,-0.2624942664487157,-0.995135446126559,0.83
0.20610651726942653,-0.6743291941633036,-0.6448889864686433,0.77303539606077,-0.6541745408061337,0.8213620240715226,-0.8038401022855035,-0.6522789648573205,-0.749844065946644,0.8106728781584057,-0.7952448153430501,-0.8016011305687867,0.97
-1.9747718000475827,-0.3988555417205706,-0.6195257378519095,0.4414827635204603,-0.6576055778599479,0.274198798581398,-0.6992032999160369,-0.6410618074303324,-0.5619921369889248,0.3624181548176865,-0.6079143932586488,-0.5112996572321278,0.98
-1.4864604777607404,1.4107873550441492,-0.23384106852166422,-0.21782348739383142,-0.25729661706560186,-0.3652181809875095,1.444184635820885,-0.24646647724242668,1.4429900883447286,-0.2974577253353502,-0.4946228743961554,-0.8661125690880441,0.97
-1.059123076540933,0.03652650734276476,-0.6685044555366398,0.4021103213018784,-0.6638793399732998,0.7790388109543616,-0.06746018575728052,-0.6691095888457061,-0.018157713164049624,0.6032114072179467,0.9241517641577873,-0.7370896920495291,0.94
-1.8753032485209382,-0.08104431191305034,-0.6816987395116683,0.6877489945053195,-0.6138648077943416,0.22193919854139177,-0.21819821631595193,-0.6510665950390634,-0.15450029074829008,0.45869180140283233,-0.4194324583304884,-0.7693454113091579,0.96
-1.9409091924496618,-0.473131974858208,-0.6243785717658059,0.582315423404522,-0.6608902305650974,0.5416267273786161,-0.5757761774157758,-0.6451592570424597,-0.532350514193407,0.5708876236877318,-0.2618920107772939,-1.2854369624708435,0.98
-1.8502622310935555,0.2682406039366175,-0.5615248923032109,0.5197525729436125,-0.6189096455257835,0.2533254360838504,0.11445122723129088,-0.592367565495107,0.18957094408087355,0.390816256234985,-0.6470995562640355,-0.9091201947675491,0.94
-1.6323808319190003,-0.002267540555064024,-0.6789700939525373,0.8718700749585453,-0.5992922282745731,0.1945969649179017,-0.419725209651064,-0.6424622514399766,-0.22333141900970382,0.5367233400276821,0.7477149426580625,-0.6833301061906157,0.98
-1.825036250424136,-0.27300123341689814,-0.5347241921999696,0.3353288137244042,-0.48835401469593764,0.29833120324026524,-0.12964375282171,-0.514082177106717,-0.19990417432442034,0.3217475970355522,-0.6208315728993029,-0.9628797268669305,0.97
-1.9945924972363498,-0.4412662925314531,-0.5199137356641382,0.21591771130151483,-0.5181030905633064,-0.09716155919800902,-0.37503171681750985,-0.521268818161465,-0.4107369051420515,0.057916951288329487,-0.8196963956027744,-0.7263377856296529,0.98
-1.7375800172535147,0.1979279668942007,-0.5436745804977068,0.42289196016968744,-0.588485578469796,0.43556203995060794,-0.10971820134375602,-0.5682147387231905,0.0370687264275665,0.43637784639428984,-0.6421369695315203,-0.5435553764917566,0.96
-0.3390598113848821,0.6477528335092406,-0.162586105812788,-0.037203501570901264,-0.15231192411998135,-0.008642070823221064,0.6264182599885382,-0.1582034933167307,0.6431227019731264,-0.0230771144147076,-0.884744826161698,0.4241162012971065,0.94
-1.5568877334448443,-0.5275599188472853,-0.4245277956546852,0.47028511929365646,-0.3873766779982104,0.3919440338913116,-0.4018739415483389,-0.4079728842526395,-0.46643957538333214,0.43758809158289275,-1.0405122330182273,-0.5435553764917566,0.97
-0.7662761609425953,-0.8974520853918257,-0.6088631465956063,0.6501159482920882,-0.5114039869612443,0.7775558855758893,-0.500789350000702,-0.5632482575477081,-0.6966584366348477,0.7265561703442441,0.3283859998512488,-0.29626163635366703,0.96
-1.2953069919600138,-0.2559625700636554,-0.377218965858825,0.2470024261316147,-0.41489352099828597,0.46221375308834106,-0.1698628089822178,-0.3975050530740053,-0.21300766806017624,0.36210932968248544,-0.8109275530268734,-0.28550962241472666,0.97
-1.2196352480467918,-0.2769293996716911,-0.6689230810732758,1.8370128415622435,-0.6858389579508669,-0.48077851007667255,-0.7029462888616662,-0.6801948812064896,-0.5053520037720939,0.6712192016582745,4.996460072950718,-0.8661125690880441,0.94
