,grad_rate,TOTAL,ECONOMICALLY_DISADVANTAGED,FEMALE,H_Female,AA_FEMALE,W_FEMALE,MALE,AA_MALE,W_MALE,H_MALE,AA,H,W,Expend_per_pupil
0,0.6471372924082033,0.23327721211580496,-0.34044368842621675,-0.12973493898627075,-0.8106520679399225,-0.7494323778055445,0.8814208452291692,0.12973493898626898,-0.7311827162554386,0.9393106966965759,-1.0039774037911764,-0.7436363281786446,-0.9221504575204561,0.9260432036822801,-0.24748577606154576
1,0.49610087888286214,0.3154209272346877,0.29508422405563106,-1.10810630940321,-0.7427335142899714,-0.6105721830192403,0.4887398828353219,1.1081063094032098,-0.6329841885291999,0.9729403819791963,-0.6295535716954903,-0.6243076502853266,-0.6910828971746041,0.7470432266088392,-0.07755945937664194
2,0.04299163830684054,0.8374898722124757,-0.669709366543691,0.14398993539048408,0.22528556753032666,-0.2202709057436598,0.0735097847864584,-0.14398993539048405,-0.10415870067122816,-0.11998032895187574,0.18380136516079668,-0.1637354485160795,0.20582840966383278,-0.02522215741727807,1.379947247669406
3,0.9492101194588854,-0.8510198274534471,-0.7147601988919812,-1.3907872001915276,0.03173387867029241,-0.6411198138529155,0.294972867653245,1.390787200191529,-0.5735534198585723,0.8146324509613314,-0.06701769517655778,-0.6104386873052456,-0.020230279681187343,0.5683597398337634,-0.27854016124417885
4,-0.41011760226918276,1.0200314613655483,0.520389864849397,0.11996694997686509,3.856569847305954,-0.09577917301949433,-0.799499844664066,-0.11996694997686681,-0.12304973615823217,-0.7436838501777492,3.180804092778983,-0.10969493490243393,3.541708316148259,-0.784012734962807,-1.0929462347682133
5,-0.10804477521850055,-0.7542727852023186,-0.4069702693289848,0.05875579105778499,0.5756679580472568,-0.6100749892507716,0.4775071089873928,-0.05875579105778672,-0.6102148325657231,0.4083045460514159,0.5258823264827531,-0.6127812780859611,0.5557342638441175,0.44972850241997653,-0.6773864822419873
6,0.34506446535752106,-0.5662549483746536,0.20682330036522095,-0.007757846408640149,-0.8713346569075043,-0.6852780628944621,0.856012677582438,0.0077578464086418995,-0.5636504260127161,0.682505613254059,-0.7221008332943398,-0.628021890656754,-0.8020217756510026,0.7806685139585849,-0.005502677112033784
7,0.19402805183218164,-0.7889556871414023,0.6211526384505316,-1.210409360770346,-0.4340532048728377,-0.6952965925697032,0.5293080442685346,1.2104093607703457,-0.7285659406681082,0.8626975207765467,-0.02979089568446071,-0.7147737916733611,-0.2247300525626945,0.7103779791793626,0.1653109077209453
8,0.19402805183218164,0.8192357132971685,-0.615191904114172,0.20987294769383358,-0.014819807402693954,-0.6983986767044619,0.6865733246402796,-0.2098729476938318,-0.6757711810569624,0.586484727827715,-0.1659372862174541,-0.6902145519326287,-0.09504886964915499,0.6463291085966173,-0.20056182851306842
9,0.19402805183218164,1.3139234199019956,-1.0066135043776037,0.40384496241901835,-0.5489630628510992,-0.705551011440957,0.9097554485016806,-0.40384496241902,-0.6510636075880756,0.6412610633928768,-0.563029945140737,-0.6816238450941297,-0.5625600252957611,0.7862370022609076,-0.35618576841975996
10,1.1002465329842266,-0.4841112332557709,-0.5408839030273179,-0.5583342965197123,0.4347347161479381,0.14665407983718015,-0.4223683555993298,0.5583342965197087,0.1884198187735978,-0.12226010097531365,0.10598633056528618,0.16796636351293864,0.26542704426556335,-0.2743806309660804,0.8660212834443426
11,0.34506446535752106,0.507089595845414,-1.2392436733784538,-0.3465933438484991,-0.34327332792931603,-0.5413022500044149,0.4479782465372647,0.34659334384849727,-0.5611234551692907,0.6695554331344062,-0.40775035814294014,-0.5534555829053192,-0.38127580691088403,0.5699268166619381,0.5074829757604502
12,0.04299163830684054,1.4033687985870011,0.05227410251851764,0.04553233682330575,-0.4619767693048986,-0.607103172246748,0.7111668733842115,-0.04553233682330399,-0.575328094304303,0.6516835305197836,-0.4541884965175786,-0.5939954206512056,-0.46302111744104274,0.6923104029387467,-0.8610799215505586
13,0.6471372924082033,1.036460204389325,-0.833152541867283,-0.13864763239399014,-0.2495239625934817,-0.5904877829473658,0.583055164358419,0.13864763239398661,-0.6104535955615716,0.6888168671517554,-0.33996051709717623,-0.6029253162158598,-0.3002307139910927,0.6474272994018649,-0.654447707348543
14,-0.2590811887438417,1.3796383919971018,0.5803074580179336,-0.5224169152176759,1.943417096661413,-0.2382489744654339,-0.4367005847493907,0.522416915217674,-0.22868211535560404,-0.21230899526802913,1.7782420882845422,-0.2345422196491314,1.8776576427840972,-0.328068248021353,-0.47759684142105185
15,-0.10804477521850055,0.667726194300118,0.4190259537588889,-0.17549819167590114,-0.7663173390072672,-0.7653105747060825,0.8776473549846054,0.17549819167589584,-0.7481693366093711,0.9544380258325839,-0.8523294042924445,-0.76013194318002,-0.8204641267973053,0.931971094578343,-0.791646366854173
16,-0.10804477521850055,-0.6849069813241508,-0.3469368446350285,0.4684762558543162,-0.44507825498937414,-0.7439092308802477,0.9553355147469357,-0.46847625585431785,-0.678512737077506,0.7077682752298978,-0.6844991018168998,-0.7147467376068288,-0.5769067450277383,0.8433892572016356,-0.36911384399035646
17,0.9492101194588854,-1.119355963508464,1.013538713066069,-0.34250577061363474,0.07523408399522122,-0.3261182733767453,0.2573992907197579,0.3425057706136329,-0.3091375542377769,0.5450553482116329,-0.5796870898243943,-0.3191207046702334,-0.2709060981074552,0.41030315106389764,0.5893045297633861
18,0.7981737059335443,-1.03356141660652,-0.27279721514297955,0.12343162762736996,-0.3684361743142391,-0.15510457222614535,0.29970051351671756,-0.12343162762737343,-0.07284769001933564,0.2053713522838997,-0.499767025755292,-0.11504932792928,-0.4421399506281839,0.25597263983410873,-0.42242226451737486
19,0.04299163830684054,-0.9203856313316147,0.5871222871378045,-0.19215309652359502,-0.5297615547195426,-0.3296617206071628,0.38372473968849696,0.19215309652359674,-0.4095508383487509,0.6335161245019479,-0.7556198485549294,-0.3706400805105948,-0.6553523111435662,0.5191763437847025,-0.22213594641789708
20,-0.712190429319865,-0.7999081824905867,0.9109686027660389,-0.48561325962274793,-0.93948429661372,-0.7558965593970535,0.8570859105969857,0.48561325962274604,-0.7120168772028289,0.969877488404319,-0.7424161106151572,-0.7374389338640931,-0.8455911641952274,0.9296648501882653,-0.4277844502818298
21,-0.41011760226918276,-0.19387010650238523,-0.3906223433740953,0.019337495537094764,-0.8810237562849998,-0.5200418136490677,0.7364945905307464,-0.019337495537096513,-0.599677037680576,0.7113265650463116,-0.8023655519011182,-0.5617173886560707,-0.8492108207726555,0.7357886691436356,0.09235721308926084
22,-0.10804477521850055,-0.5881599390730223,-0.19265270113146912,-0.3692616367766403,0.19928237407875676,-0.5834630853148791,0.45307979177350105,0.36926163677664026,-0.6365484809038514,0.6446392865841934,-0.041250793640108044,-0.6122678814754442,0.0740765177581097,0.5596060486715796,-0.9364109161659443
23,0.34506446535752106,-0.7506219534192571,-0.9036835454708307,0.8842841970171867,-0.2960182257285529,-0.683673727452065,0.9171629318068489,-0.8842841970171849,-0.7159994237837816,0.5385274757608383,-0.41397007738321956,-0.7026334812130313,-0.3618231743775982,0.736868008188024,-0.7611417021545872
24,0.04299163830684054,-0.43482500418444126,-0.696052337634503,0.3020427531608727,-0.6035286402779599,-0.7050478201485315,0.9037828996883527,-0.30204275316087265,-0.6775601413242465,0.6403886076227946,-0.3469267731468652,-0.6944861417869448,-0.4743339553214056,0.7827995055171328,-1.0826606752038415
25,0.6471372924082033,-0.15553637278023996,-0.36689318179499275,0.4499167274796058,-0.6161021980156345,-0.2810540227610611,0.5442173210080381,-0.4499167274796074,-0.3055593435821242,0.4177430367165261,-0.7779058159846985,-0.2944015543905243,-0.7087226586945402,0.4879652444347427,-0.528933019162404
26,0.49610087888286214,-0.7560982010938493,-0.11826834201566552,0.6205207824200756,-0.9446148245117104,-0.6538174361703821,1.0425458107938121,-0.6205207824200807,-0.730677035419613,0.7748940933759751,-0.9541310299722023,-0.6946970348853041,-0.9602291012951529,0.921679702561388,-0.08730494267696849
27,-0.10804477521850055,-0.3745862797639272,0.4932549772473061,-0.8199835092003138,-0.7016988200935937,-0.6974467958726441,0.6793197597156753,0.8199835092003102,-0.7151494798803414,0.9917013445699913,-0.839943240811374,-0.7092261766719926,-0.7827954710652956,0.8520413010284543,-0.20514765464795726
28,0.9492101194588854,-1.1503880336644863,0.23934341357354874,1.159886017331564,-0.596045423890212,-0.6972139137062898,1.07314430583164,-1.159886017331569,-0.7149099583597084,0.6867270179197715,-0.9698808234622412,-0.7089890007027327,-0.8007774559484984,0.8914333904940855,-0.30896285008225777
29,0.19402805183218164,0.47970835747245316,0.8067058098114448,-0.7863130944408506,-0.6939472839998271,-0.6225249461290698,0.5774572660801858,0.7863130944408487,-0.6380916456109785,0.958838554471148,-0.8134730407845194,-0.632922943110326,-0.7650398856644615,0.784124202291536,-0.2678447223722721
30,0.04299163830684054,-1.0572918231964192,0.4293943253236454,1.0992943127833663,-0.6594322354917349,-0.7074771826571963,1.0905549207779508,-1.0992943127833679,-0.6817245120254861,0.5438249026882992,-0.6234167238896885,-0.6977850141548683,-0.6477315801961725,0.8263152770965828,0.7171579410572235
31,0.04299163830684054,0.5563758249167438,-0.33932288814463757,0.6905526572902414,-0.1038146479975822,-0.6587660352834244,0.8115077960734254,-0.6905526572902395,-0.5725109707432572,0.4090037394544094,-0.23226620080423926,-0.6189083551767022,-0.17303119671709247,0.6171181087167867,-0.44636886029640466
32,-0.10804477521850055,0.16026057645457586,-0.6352967707724942,-0.5165806524773939,-0.32497635034686323,-0.43860040553565083,0.31607070337369436,0.5165806524773922,-0.3400562329297247,0.4280064213373975,-0.3911256699071172,-0.391706675958658,-0.3636600336625053,0.37917495753383246,0.532760473761593
33,0.6471372924082033,-0.14275846153952487,0.06544331673225172,-0.004280540817113804,1.24905128145309,-0.14092353953613834,-0.13344394075250032,0.004280540817112051,-0.16128338849284318,-0.16742757373199785,1.342234224817126,-0.15161291817259534,1.312400212441241,-0.153228196018941,-0.8304161272374593
34,0.49610087888286214,0.10367268381712333,-0.10908751176013404,-0.1209931313834304,-0.38913138090092425,-0.716711532371038,0.7330462566706135,0.12099313138343037,-0.750996117975234,0.7923263223198755,-0.37068943244491637,-0.7367839454667963,-0.3837160147931644,0.7759096226828617,-0.5583382428958963
35,0.04299163830684054,0.11097434738324623,-0.33647171879574583,-0.11887288222032603,-0.44930288356825543,-0.7479808397681496,0.783934646445701,0.11887288222032426,-0.7591396982054849,0.7451581050366402,-0.11201274007287311,-0.7567387821250503,-0.2756327761313011,0.776990445681987,-0.7654285575004502
36,-2.071518151047933,-1.0755459821117266,-0.6996509013803064,4.996760202166668,0.7285660465223666,0.7806758292432469,-0.021385290386069424,-4.99676020216667,-0.00422284446054218,-1.2145329926814414,-0.09624206973394102,0.39544408775074874,0.29973082725771993,-0.638136212025598,5.064752578187756
37,-2.8267002186746386,1.8013094629406998,0.6415015040707102,-0.8430283196509109,3.9094958796831265,0.6165683102192228,-1.7606870117689137,0.8430283196509124,0.7112351097686834,-1.5840214298867483,4.042131868739674,0.6661033096936327,4.023524127947314,-1.6988151435485745,1.1911086175238992
38,-1.1652996698958882,1.4234483733938392,0.4715958501366608,-0.49114144800087084,3.681603521171214,0.68776181583848,-1.8377238870445272,0.49114144800086895,0.8680021983837475,-1.900019256216123,3.6459270564225634,0.7799723448161718,3.7039078824576097,-1.9005881777706286,1.0758891331211322
39,0.04299163830684054,0.4815337733639839,-0.06418365145180624,-0.12086336434862592,-0.4068996132327472,1.3159087620908967,-1.1842883618251925,0.12086336434862589,1.2625607283182543,-1.1046317193468198,-0.030424590053542734,1.2951839761894477,-0.21199446279229803,-1.1629091482062626,0.200391754336419
40,-1.3163360834212292,0.2953413524278497,0.43068292719694795,-1.3650545292122216,0.7507697192959,0.42828060712447924,-1.0512723902761327,1.3650545292122214,0.6966791303995723,-0.852219181764617,1.5603751263558152,0.5630169466865399,1.1881077630503918,-0.9659907589085406,1.9768713606155057
41,0.6471372924082033,-1.4935662212722631,-0.4970746708959698,3.4709931977316977,0.7448915437875657,1.6551812019934213,-0.8802121116109229,-3.470993197731702,0.3319550543082785,-1.008965264260583,-0.03177385144921151,1.0072016042746579,0.3417454270004908,-0.9614230894068556,1.2360699665057102
42,-2.222554564573274,-0.3326017142587205,2.442858999527437,-0.019802222535960902,1.2588221374842257,2.0928940476860367,-2.1617137331553824,0.019802222535959146,2.144221800733173,-2.2494687722454905,1.6334190842230119,2.127353150720178,1.4713757132598118,-2.243139967227011,1.9195171902176438
43,-1.769445323997251,2.4602845997832925,0.7664629350244122,0.4751827834706637,1.4736210305615607,0.8619852607863138,-1.0632118097009702,-0.4751827834706654,0.7624917607740999,-1.1411797553968899,1.3693697314284268,0.8164515986725294,1.4348812712544394,-1.1212418409342395,1.282632255841657
44,-4.186027940402707,-0.6465732476020056,2.9999764173023324,0.4399161451843566,-0.7111229930159129,2.9896273109230935,-2.3737381977009004,-0.4399161451843583,2.9141730972570494,-2.396747304966217,-0.4309632449207837,2.965192330146561,-0.5706514034016803,-2.4252557975133313,2.557781247910747
45,-3.4308458727760027,-1.6067420065471683,0.5293050036400322,1.1197714666658587,1.9762014081305657,0.9806638604907066,-1.043721886989271,-1.1197714666658638,0.8906778683526951,-1.4750523805612852,2.092978048658494,0.9403503892298056,2.060189023824105,-1.2839776967831098,4.290640051649136
46,-0.863226842845206,0.10732351560018477,2.54210556917422,-0.872741097200463,0.358995386417714,1.8656867360714504,-2.0051465267998454,0.872741097200461,2.2250728992607147,-1.6947406717323656,-0.1363323887665077,2.051684584837497,0.10058497761666012,-1.8782642712737248,1.8880866804939793
47,-2.222554564573274,-0.5406991258932234,2.0289843055865853,0.7768499127074214,-0.5634457285359058,2.726677648278354,-2.116196524877762,-0.7768499127074213,2.250253880924188,-1.9519741291875623,-0.28402044559749645,2.502584567601959,-0.42171039933684956,-2.0666883718862303,2.236387649708503
48,-1.1652996698958882,-1.0226089212573355,1.4161119871249865,-0.1982270502825364,3.0677167828796734,1.7562833538517701,-2.3482395756443335,0.19822705028253637,2.037301243397182,-2.287921037317799,2.5553224362955134,1.903007885875677,2.830581500971535,-2.356283438247523,-2.0421688457046754
49,-0.10804477521850055,-0.5133178875202625,1.0746958785390286,0.7923522298870705,3.1699858975912263,1.7196679799355032,-2.1230759037959657,-0.7923522298870739,1.5412669613039203,-2.222388956603719,2.942650863443639,1.6387742529523568,3.085021851659526,-2.2098280620045623,-2.0421688457046754
50,0.19402805183218164,-0.7944319348159945,0.7043942576699066,-0.6960561516407187,-0.6003333552632563,-0.5267296127995669,0.532728482006976,0.6960561516407168,-0.6024433768512385,0.7884213930412612,-0.43547575983700876,-0.5664925666090292,-0.5197097222442416,0.6737165799076765,-0.6227423373833554
51,0.34506446535752106,-0.20847343363463106,0.10714037478546437,-0.9693652952833682,0.40865172874956496,-0.6867233129736636,0.3405593461753242,0.9693652952833663,-0.6751344338108946,0.6348946569318049,0.8131557442639673,-0.6839539809558958,0.6275348399519131,0.49830218751536504,-0.8446365281541646
52,0.19402805183218164,0.014227305132117684,-0.6035136409096621,-1.1231523079146075,-0.5675969074717743,-0.6893300598442652,0.5677164423782604,1.1231523079146055,-0.6899460473286253,1.076480377382843,-0.7495166297631792,-0.6926146698071897,-0.6703321424376768,0.8400280967202219,-0.6777336741260173
53,0.49610087888286214,1.0109043819078949,-0.41148533706942053,-0.29095573432073885,-0.029516655779085518,-0.36983899380922186,0.28935637108131773,0.29095573432073524,-0.3782017429630676,0.39797839359208226,0.00020312675584512117,-0.37557805235277875,-0.014101250898911297,0.350302721829341,-0.8550763952225497
54,0.7981737059335443,0.3829613152213246,0.0645073286825689,-0.2276146397077133,-0.6273543644602011,-0.47367883641093017,0.5736679831709982,0.22761463970771326,-0.37370171879343766,0.5766488038490291,-0.5520058097795375,-0.42622727717137454,-0.5944557341903752,0.5847856034756721,-0.22785979039488266
55,-0.2590811887438417,-0.4311741724013798,0.4388092556291282,0.25797417323990707,-0.27851737127179843,0.6154927441488329,-0.4639612863660067,-0.2579741732399105,0.7710593215821733,-0.6447057086430217,-0.3118558945927944,0.6951747981997504,-0.2992976564438943,-0.5650820242632547,0.5128837384009075
56,-0.10804477521850055,-0.09347223246819523,0.7507312426073716,-0.15017773751092006,-0.27669663020254,1.70033865866051,-1.4546843544420776,0.15017773751092178,1.804891190705719,-1.3885957841370808,-0.3178528435591411,1.7594527228297008,-0.30159840869650756,-1.4448289693772698,-0.6345179287833536
57,-0.5611540157945238,0.6531228671678723,-0.09076142318865107,-0.4692713659212889,-0.3868075159703238,-0.44146825068281714,0.4298758459471694,0.46927136592128704,-0.4333710403072299,0.5647383622425777,-0.4271159701935052,-0.4393675405921169,-0.41249255163820986,0.5067243866551143,-0.408452613294691
58,1.1002465329842266,-0.2504579991398378,-0.24158577762338937,0.02373812521462046,0.8081656363219748,-0.5780529968332146,0.37515526284098133,-0.023738125214620452,-0.6022881221803992,0.35051735376690196,0.6709783272978205,-0.5925505330978904,0.7445280766528095,0.3686904523056095,-0.7029774173606563
59,-1.0142632563705472,-0.9861006034267209,1.8917178278959543,0.2970125048957971,-0.5546902397387228,2.4588315255613082,-1.9505285725657489,-0.2970125048957988,2.234488603129132,-1.8085744888777429,-0.40563653107610015,2.3583868310257334,-0.48192876989752115,-1.909758571629772,1.2360072790822045
60,0.9492101194588854,-0.5954616026391453,0.14246815342960523,-0.5775570662608178,-0.586470654962749,0.21161830328552067,-0.11162526902821346,0.5775570662608195,0.3364761205571885,-0.04356990416304738,-0.4165822237682207,0.27435058829221476,-0.5030264897265003,-0.07833072515227532,-0.2643342266559742
61,0.6471372924082033,-1.0171326735827433,0.9990895610200585,-0.4767114588497718,-0.532950529430102,0.3523633189695308,-0.21832934441355156,0.4767114588497699,0.46777483991207564,-0.29775107635857373,0.29815948079353677,0.4110270789332897,-0.09858710916361675,-0.26300465360576397,0.07404766331620913
62,-0.2590811887438417,-0.7834794394668102,-0.19583734609264808,-0.7441239108622589,-0.6055815183723489,-0.3331741297473927,0.3477021730977182,0.7441239108622606,-0.24726684676493058,0.644150913124906,-0.7478122875208058,-0.2920812650851483,-0.6877143826796585,0.5066560897243845,-0.07964261068081839
63,0.34506446535752106,-0.3873641910046423,-1.186522481627382,0.13424923341508194,-0.5405376174901334,-0.579630282104837,0.7185147363377069,-0.13424923341508016,-0.5063724202284076,0.5386147230356909,-0.515291310168419,-0.5458655001252514,-0.533211851178149,0.6375722997448124,-0.8796112883606296
64,0.19402805183218164,-0.3526812890655585,0.516977336718152,-0.04704609222996068,-0.7457552683276736,0.17316310699397186,0.05543636078238666,0.04704609222995892,0.15893252981848902,0.06997697885897144,-0.7385029678870852,0.16686599427739693,-0.7502597446547774,0.06387375171579221,-0.5681223030722252
65,0.19402805183218164,-0.5553024530254692,-0.2016751582703305,0.7322978565751962,-0.46715407462396297,-0.6374005015615386,0.9027392067305877,-0.7322978565751943,-0.6533912957010808,0.5565787062585208,-0.684212556740322,-0.6480727690210315,-0.5873818949546195,0.7389804084099307,-0.2872730015494185
66,0.6471372924082033,-0.04601141928839632,-0.11635335731246156,-0.20273729932203352,-0.267148995797278,-0.745808490696418,0.7517344711017062,0.20273729932203174,-0.7387020830296129,0.8466418893006031,-0.42431306442018296,-0.7455138427280097,-0.3534057597452644,0.8133153486434954,-1.0342756284767398
67,0.19402805183218164,-0.6410969999274134,-0.07892884452238778,-0.3808672080416347,-0.32361309504355656,-0.7450110246410546,0.7121112180328667,0.3808672080416346,-0.7640697410609001,0.8092370319585505,-0.12464338880069764,-0.7576673786620414,-0.22181943830488676,0.774176613017396,-0.7234376279708908
68,0.34506446535752106,-1.0134818417996818,-0.35804661125340187,-0.23067593682960422,-0.8315024445923392,-0.7113828924500383,0.803057389400345,0.23067593682960066,-0.7089512495096754,0.8835032005278421,-0.7841436902321162,-0.7132539328642455,-0.815717933487595,0.8580240972916802,-0.2488263225026597
69,-0.5611540157945238,-0.5516516212424077,0.09297355073666144,-0.6874564166844372,-0.7387194153744896,-0.6984768932689367,0.716267755525411,0.6874564166844318,-0.7536433733800242,0.9627582192026249,-0.44026273898785234,-0.7288091897245589,-0.5888628441365077,0.8555660492145409,-0.984058180139483
70,0.7981737059335443,-0.07886890533594941,-0.4911409598980551,0.2038718648022103,-0.8609611604006472,-0.49426844070124193,0.5871048855911662,-0.20387186480221203,-0.2568918194225601,0.27452957565344466,-0.7906865578885335,-0.3788788811870353,-0.833365372257576,0.4354269007092317,0.5085052629745364
71,0.34506446535752106,1.0583651950876938,-0.05424869709702044,-0.1136451558947849,1.7381168361479469,-0.46379277840906213,-0.012590575524772095,0.11364515589478137,-0.5169999295646732,-0.11507819890674315,2.311620159577961,-0.49214058075581313,2.061416991222902,-0.06574707179745146,-0.611868480459934
72,0.49610087888286214,1.129556414857392,-0.06424932963566989,0.03045487577505487,1.5574928092986535,-0.4564592594066413,0.03171558102534858,-0.030454875775058367,-0.5289650886695306,-0.1218224108229068,2.0259302285945737,-0.49433020899950403,1.823106628449523,-0.04707441019290145,-0.7360088674384568
73,-3.4308458727760027,-0.6045886820967988,2.8562557551446144,-0.15017773751092006,-0.6768293084594255,2.760280242403541,-2.294826969252046,0.15017773751092178,2.997942684328757,-2.344844258277732,-0.4541884965175786,2.88987911415087,-0.5664478608616133,-2.3589798425018396,1.7579475892969483
74,-1.3163360834212292,-0.11902805494962541,0.2617412084392539,-0.19489895935463483,-0.2643676121049889,1.0297921769267784,-0.8918215124744522,0.19489895935462956,1.1525839384803527,-0.9110859959143672,-0.007459036714768647,1.0950381104227287,-0.13121440072101007,-0.9166632044212325,0.30855649254008755
75,0.34506446535752106,1.4161467098277163,-1.2655102881891815,-0.09032968566691259,-0.2624213016450156,-0.049144068805465235,-0.08879364924642263,0.09032968566691081,0.045059158264408775,-0.1710500532994179,-0.1202047017405133,-0.0027161305332877687,-0.1900109897224346,-0.13277071504938484,-0.19993013216851513
76,-0.41011760226918276,-0.18474302704473158,1.0800013463690672,-0.780271207828056,3.4710625519190033,0.19995554811740204,-1.2548324179247679,0.7802712078280576,0.5883764649406135,-1.31472035303224,3.5562650649806224,0.39312847946965496,3.5550530562686857,-1.306721315460148,0.09867899864429701
77,0.9492101194588854,-1.300072136770006,-1.817093574455547,0.8832821235293177,-0.4364492264027233,-0.3050819670592598,0.3283336894978587,-0.8832821235293209,-0.31159852571530816,0.10241102009285971,-0.1560587682960745,-0.30962705736569607,-0.2927811428296843,0.21710113590141325,-2.112214808307613
78,-0.863226842845206,-1.4917408053807324,0.023240579089168597,-3.470418850947541,-0.3842436034534855,0.6734015365628109,-1.2198346191555753,3.470418850947538,1.0662457679966528,0.03715497062467873,-0.6476494049690082,0.8708109396489323,-0.5280986189191544,-0.5908250716227712,0.9444673607969916
79,-0.863226842845206,-0.060614746420642136,0.15042901214290214,-0.5188489216990966,0.6597961602138522,0.13625963912897807,-0.5413531463762963,0.5188489216990965,0.26560519190523546,-0.44026839106583066,0.5324681841279592,0.2008880803013267,0.5997215379881659,-0.4981697747725958,0.3179306734088824
80,-0.5611540157945238,1.129556414857392,-0.5989098829541271,0.272257895950706,1.2612184740195713,0.013259013939847896,-0.37642136479428484,-0.27225789595070765,0.18542054156486681,-0.4598350676390341,0.6294773170759829,0.0985541307653664,0.9406332678885755,-0.42579840312336237,-0.3369310851846285
81,-0.863226842845206,-0.23585467200759197,0.6035442835252441,-1.0911603559525078,1.2508054090571343,0.18536850040481168,-0.7460841133307311,1.0911603559525023,0.360099520754122,-0.5429724645112826,1.6526185906875064,0.2726797265484362,1.4776886271274894,-0.6536105632560202,0.2687499786142136
82,0.19402805183218164,-0.717764467371704,-0.441400609944417,0.12851458431800986,-0.6346832459375705,-0.6300194217795798,0.7702257144358448,-0.12851458431800983,-0.6893831900903705,0.8368441768641852,-0.7676437246686401,-0.6621339033098632,-0.7122303582096604,0.817500911915996,0.14991873419564053
83,-0.2590811887438417,-1.1613405290136707,-0.16143192336685547,-2.8842693111546955,-0.3074993538739136,-0.6454616555677808,0.04450358036381998,2.884269311154691,-0.60992405608766,1.2566233251502568,-0.3752460189455284,-0.6306568704565548,-0.3468337132747354,0.6714416504845152,1.5758888451090152
84,0.6471372924082033,0.6659007784085873,-1.7467569008310455,-0.28417778881579886,-0.522976284395085,-0.7056619272927724,0.6203480494627096,0.2841777888157953,-0.7113299148996374,0.7160490803068702,-0.5107831147710094,-0.7115183956431935,-0.5223696163118968,0.680145349855768,-0.05025667538532807
85,-0.10804477521850055,0.44320003964183863,-0.7268734358985026,0.3337584960401978,-0.4442262290574989,-0.6792080125618162,0.824796928759309,-0.33375849604020125,-0.6896273548246578,0.6761574857444258,-0.5437580327633986,-0.6873025468882786,-0.5019309008878295,0.7617785018759723,-0.09374245886001348
86,-0.2590811887438417,-0.7761777759006873,1.5795004706491742,0.3528589026759207,0.6131183655965786,2.5867155115296554,-2.3400135596820775,-0.3528589026759241,2.554713890759522,-2.408895062786573,0.5621783815811109,2.5820524810250824,0.5929922470615357,-2.414666318093509,0.6504488782285688
87,0.7981737059335443,-1.2215792534341847,-0.932568077117307,-5.602627712945232,-0.21895425047947686,0.016889929721877087,-1.2721041554043744,5.602627712945231,0.33801458410807644,0.713561201070973,0.1790828225140799,0.17595293239953672,-0.010521799609423559,-0.26752495912997937,-0.27709835050355675
88,-0.10804477521850055,-1.1704676084713244,-0.7637007389599126,0.6195534102225959,-0.7691321177459043,-0.48996857302460106,0.7114103117105944,-0.6195534102225976,-0.5806620597952529,0.5991335386275345,-0.7946869208228493,-0.536989142812427,-0.7912796910732831,0.6652842098312843,0.06107618876010975
89,-1.1652996698958882,-0.43847583596750267,0.5605660915521314,-0.23386398432737082,-0.7663173390072672,1.597351343136963,-1.246414365678239,0.23386398432736902,1.633688329668807,-1.0717522844725504,-0.9039294041218822,1.6222464770297447,-0.8478022002612362,-1.1769914720610075,0.14096889896288214
90,-2.071518151047933,-0.8528452433449778,-0.12091892960516734,0.41330965771983563,-0.6909516382802567,0.6307636482887031,-0.26157616309559373,-0.4133096577198373,0.7012300941864473,-0.5103723496078089,-0.5589798219287697,0.6683783231949618,-0.6287653790181087,-0.39447430041466786,0.4148984733526021
91,0.6471372924082033,0.2424042915734586,0.38844466778148684,0.3256560629061608,-0.8386258772709243,-0.5539008161114981,0.8332511940655732,-0.3256560629061642,-0.5973199727135412,0.6496805039229937,-0.7114539726593387,-0.5777920388033142,-0.780635478821716,0.7523280299746887,-0.6773334390374833
92,0.49610087888286214,0.21867388498355914,0.5673447716044736,-0.3408234260566608,-0.6457698889222021,-0.6539275139646056,0.7331390645954295,0.3408234260566607,-0.7081045840208987,0.8555792482177461,-0.6085203454294947,-0.6835773849747468,-0.633262519503629,0.808633226472325,-0.49433920560647077
93,0.6471372924082033,0.21319763730896696,0.002429582345324748,0.531938583031575,-0.6718741050135199,-0.6683058826880506,0.9422667203831862,-0.5319385830315749,-0.7078706369779473,0.7487474885371528,-0.7806061589154886,-0.6907832930548344,-0.7370010684478113,0.8580240972916802,-0.6231715051288915
94,0.04299163830684054,-0.16283803634636287,0.3264796015734785,-0.1383563236249627,-0.2422960832030793,1.7824426518850491,-1.5277354143655197,0.13835632362496092,2.00428797502577,-1.6117365238526713,-0.008921326272224847,1.899983702624552,-0.12136423468095572,-1.5966377178113156,1.2314407413853177
95,-0.10804477521850055,-0.12267888673268687,0.16477900580724394,0.05472676984571917,-0.625047432449711,-0.13101808820216843,0.32215242782325987,-0.05472676984571916,-0.1508639956236274,0.3267926165204809,-0.633830768651049,-0.14141019613868666,-0.6366966995107535,0.3299281100424214,-0.4591474504724879
96,0.49610087888286214,-0.8218131731889554,-0.2844544044580178,0.762513113919179,-0.6450043398491017,-0.7240351917789628,1.0648504337935052,-0.7625131139191823,-0.7748838338398938,0.7355527125704784,-0.6819040527431046,-0.7523401866172352,-0.6717732436613237,0.9125096756550874,-0.4600106080730615
97,0.49610087888286214,0.04708479117967078,-0.01871828305084777,-0.5109718251047154,-0.7553995846808369,-0.4013176147791319,0.4686229889500931,0.5109718251047135,-0.14588215276152777,0.4874765217638388,-0.7822095004474853,-0.27658527651997017,-0.7780584261124468,0.48618685327722805,-0.3260813388087088
98,0.34506446535752106,-0.798082766599056,-0.42450189497324003,-0.7004066057950733,-0.6554150567049625,-0.6945517509026714,0.697485639441454,0.7004066057950714,-0.6648283566455518,0.8282797813002852,-0.38139228166610706,-0.6828377923117682,-0.5175713760329893,0.7767002996148428,-0.059124534756579486
99,0.49610087888286214,-0.818162341405894,-0.3747436677591631,-0.0609683102098607,-0.6466412954823647,-0.598768694927192,0.6808541671520603,0.060968310209857185,-0.6459162403442698,0.7914618715085888,-0.8417933989832496,-0.6246997982245522,-0.7572718443147695,0.7493626092483602,0.22893382046933866
100,0.04299163830684054,-0.9550685332706985,-0.1921826867333109,-0.2564961139695546,-0.7798601423724083,-0.5867113257711886,0.7104250754651363,0.2564961139695545,-0.5822749163091886,0.7415551766927291,-0.7422940272976727,-0.587050905506987,-0.7686858443128816,0.7383681720271617,0.08379314661653567
101,0.9492101194588854,-1.1887217673866317,-0.3694966770294545,-0.013113235968304476,-0.5635962134996074,-0.6919599032099595,0.7452811361490438,0.01311323596830272,-0.7095061586475896,0.8664404632080291,-0.8749721970103922,-0.7036381185313895,-0.7348735856088981,0.8203163111137264,0.4601973699994422
102,0.6471372924082033,-0.7122882196971118,-0.2637326044660915,0.9515058772221022,-0.8451816783163726,-0.4762409316005564,0.8805313312810347,-0.9515058772221054,-0.4731875918692654,0.34987740814603274,-0.5799703387654305,-0.4767877654623368,-0.7141303096346365,0.6210903277189777,-0.2684523081693237
103,0.6471372924082033,-0.9185602154400839,0.5967616515163653,-0.8659590233445865,-0.8574933476087984,-0.7360213139860641,0.7612756921338675,0.8659590233445863,-0.7729507700824644,1.04449328690645,-0.51892445043955,-0.7574866787953836,-0.6877143826796585,0.9202990774946649,0.07312664040163112
104,0.6471372924082033,2.0751218466703087,0.05245985762683069,0.4284513535609679,-0.023750613993857285,-0.6248275656397637,0.6929688071698904,-0.42845135356097136,-0.659769897585811,0.5006914641813536,-0.041574448559063615,-0.6448284625041099,-0.033459644152700155,0.6052055961584083,-0.8036775300576928
105,0.6471372924082033,-0.6648274065173129,0.5110585529351143,-0.7503932991546616,-0.655512584201567,-0.74442548015811,0.7332646429734824,0.7503932991546614,-0.7772726524590621,1.0599230267183355,-0.6462588503709747,-0.7639060183122748,-0.6579466525287831,0.914262382166004,0.7368032151618887
106,-1.6184089104719097,-0.4786349855811787,2.3415780210991044,0.48240884195251277,-0.3337700847825903,2.4502426204321845,-1.996582704834724,-0.48240884195251443,2.3460366074143635,-1.9892646375144745,-0.24526147442561058,2.409241025430323,-0.2906132403499428,-2.026136123256845,1.160893279394338
107,0.7981737059335443,2.0477406082973477,-1.2165451308690423,-0.21962640149537935,-0.03030099496056802,-0.3476675745404164,0.1629370557542873,0.21962640149537932,-0.31260826940958936,0.3231000384414691,-0.3016647694121511,-0.3318123784581402,-0.1744107335900112,0.24839942367129125,-0.8538419351904449
108,0.34506446535752106,-0.10259931192584887,-0.20430816729434895,-0.02938526558154326,-0.6628813283894687,-0.4375312180886815,0.5672407250856558,0.029385265581543255,-0.3845928455417159,0.5233414559847346,-0.5502934157659373,-0.41321246606379797,-0.6106506346830556,0.554032243075606,-0.26955174913541635
109,-0.5611540157945238,0.3701834039806095,0.11951405967808186,-0.16291745253353032,0.560368652424064,0.0725017423284328,-0.2417637761387399,0.1629174525335303,0.23771794941599528,-0.44474187684229816,0.9631629955035995,0.1546142824066533,0.7800440444884728,-0.35066098277118096,-0.22276764276245126
110,-1.4673724969465705,0.27891260940407314,0.5956848827044964,-0.7915288455372035,-0.20985093571727212,-0.1025624280064006,-0.02001474620843674,0.7915288455372015,0.013762411709982781,0.26742290819163156,-0.31047467881080226,-0.045412899158966215,-0.26551090045497333,0.12814470880089254,0.20719575084149605
111,0.7981737059335443,1.8761515144934595,-1.7653592189088114,0.24554733448151542,-0.2605721472931859,-0.616745401797018,0.3578646454138622,-0.24554733448151536,-0.6362224696780768,0.26607809134740634,-0.2525646805365528,-0.6290544544290319,-0.25924616123040317,0.31642139326058333,-0.9173298288728265
112,-0.863226842845206,0.11645059505783842,1.4379715201986885,-0.07047576172655215,2.04426846512903,0.7767625057285995,-1.164288494395133,0.07047576172654862,0.8647754565878468,-1.1343623869156734,1.8397598054043827,0.8236956004104153,1.9587985128627248,-1.1682667410114491,0.4073132951084594
113,0.34506446535752106,0.16026057645457586,-0.7088390128890248,-0.3946278249105445,-0.6611833134244305,-0.5746926934284542,0.6248351754285474,0.39462782491054443,-0.596671953217864,0.7468185850560084,-0.46749533149042816,-0.5880588174430194,-0.5659661795618528,0.6982851712073922,-0.3334061231398291
114,0.19402805183218164,0.6147891334457269,-0.9532716816739601,-0.1273573757102978,-0.15006493964918804,-0.6859477854778927,0.6534992915258515,0.127357375710296,-0.7095908644038446,0.7005424035816653,-0.23220064206396512,-0.7006185730960253,-0.19526064991077427,0.6887128268418456,-0.6840024164765486
115,0.34506446535752106,2.0568676877550014,-1.3253250544132569,0.29159203329197686,0.26084618102656115,-0.3298235444397181,0.23888454782336974,-0.2915920332919768,-0.4185384552065625,0.19696751966475035,0.15385815265164132,-0.3751722863714134,0.20708260559008326,0.22121803231280013,-1.044763716640129
116,0.04299163830684054,1.35043173773261,-0.9328779217283697,-0.5687015704831464,0.3560735973850514,-0.37699002940239756,0.14200099547665626,0.5687015704831427,-0.2472023759937207,0.21689021600594963,0.5244199687501113,-0.3143612265933095,0.44925011141520893,0.18306041430060233,-0.3914932541817534
117,0.49610087888286214,0.667726194300118,-0.45054244598150833,0.016765595881890073,-0.03750616714167242,-0.40175863275329676,0.3800497747347429,-0.016765595881893573,-0.34360380652829825,0.26333435410059997,0.3115372585270947,-0.37470256819066955,0.14699991745403004,0.3260983748109369,-0.5434234582111319
118,-0.2590811887438417,0.915982755548297,-0.4003436336209798,0.20642539666893178,0.30741293734665626,0.21701879090031442,-0.3289039715853325,-0.20642539666893173,0.16428808313441082,-0.2712928782477686,0.3289311393069588,0.19184968850886971,0.32225413719623486,-0.3046326431952251,-0.6752792203903091
119,-2.9777366321999796,-1.601265758872576,0.2209450481556867,-1.389850007018588,-0.6391697622705422,0.3466304936553652,-0.6969708263681812,1.3898500070185875,-0.3311691084175814,0.6414967095418237,0.07618392597171518,0.012547732979732999,-0.2673237737104352,-0.017139340093008697,4.12433996130854
120,0.34506446535752106,-1.3657871088651121,1.667962933559624,-1.41023749066513,-0.9077069283108712,0.17248512167480387,-0.17340114981342988,1.410237490665126,0.7053587761868576,-0.11749881356806416,-0.3909977475259056,0.43705839299055727,-0.6441098935390548,-0.14741638226140885,1.805705761788996
121,1.1002465329842266,-0.9696718604029444,-0.07323539980627174,0.5650178025896545,-0.49577379793594784,0.2068928766225761,0.0878126088882717,-0.5650178025896562,0.04084838043794834,-0.005809949876462729,-0.4829773221799938,0.12557793207232837,-0.4945430322195031,0.040912192264169846,0.15693490351873493
122,0.7981737059335443,-0.27053757394667577,0.9611614676957225,-1.1071894963696682,-0.90825405412578,1.2756495445667242,-1.1417561785760744,1.107189496369668,1.4048566983487651,-0.7889363168619725,-0.6243128009577029,1.345134481900764,-0.7679853663890027,-0.9785475935577796,0.10560354788688425
123,0.7981737059335443,0.27161094583795026,-0.177530473895352,0.9315535394649106,-0.3919774490562841,-0.6213329995133711,0.9153254484986456,-0.9315535394649139,-0.578118256343459,0.4782389719963004,-0.524122227761752,-0.6026229361383493,-0.46637593389497817,0.7048033748890928,-0.7373494138795703
124,0.9492101194588854,-0.7560982010938493,-0.24809304027698112,-0.2083237163808877,-0.9446148245117104,-0.6684990619749528,0.8426888823530534,0.2083237163808859,-0.6853764605435726,0.9167670015973777,-0.8552659896485912,-0.6797447142116247,-0.907849648885941,0.8950276360559399,-0.8583264970258252
125,0.6471372924082033,-0.8254640049720169,-0.33322656968228037,-1.212266100642835,-0.7605171888791662,-0.628992141628108,0.5481118823724929,1.212266100642833,-0.6447432176244577,0.9152818306573194,-0.361040651707631,-0.6395093785806328,-0.5573834945843048,0.7469471392749147,-0.46176103382170947
126,0.04299163830684054,-0.12085347084115614,-0.5132095154664629,-0.6433091583087793,-0.16472787447211293,-0.6913297400138426,0.5689234552902757,0.643309158308781,-0.580960606534932,0.729335483285684,-0.185710639942774,-0.6396738525651353,-0.1776884059375508,0.6612926430505878,-0.15128951363789161
127,0.34506446535752106,-1.091974725135503,0.009361612063009202,-0.3552290246006267,-0.22254079999180687,0.663742793626623,-0.5902872034203706,0.3552290246006214,0.8001535660027195,-0.45255231810245317,-0.37354678887409143,0.7341492992910449,-0.3050356930074316,-0.5289869316434407,0.14693384841488727
128,0.49610087888286214,-0.529746630544039,-0.8835819742319152,-0.3791748981298153,-0.7886042172392163,-0.7236277847449314,0.8102818431193313,0.3791748981298135,-0.729826644110423,0.9518082553922025,-0.8123793283209976,-0.7298247471529208,-0.8100268359390567,0.8969241111078881,-0.06650236229220453
129,0.19402805183218164,-0.40196751813688814,-0.5583151390659193,-0.8671321262158056,0.980812339469415,-0.6421044472203806,0.18650571262422083,0.8671321262158055,-0.6471586440502604,0.4302264854073088,1.4114224451711446,-0.6473822980080007,1.2199305138032632,0.3155284912578129,0.0800270790967158
130,0.19402805183218164,0.43407296018418495,-0.8263881202536525,-1.011338642796071,1.638358826443656,-0.6920268319351889,0.023460996945339756,1.011338642796069,-0.702783094940386,0.3937038467600787,1.5928743569639645,-0.7003435863633392,1.6325979950303806,0.21512442302382337,-0.2033731183518067
131,0.7981737059335443,-0.3472050413909663,-0.16049138126525056,1.351214701300753,-0.3256055355485716,-0.6058742670965395,0.9368354882737593,-1.3512147013007543,-0.5678064084434488,0.3685450047389543,-0.49611293695383546,-0.589645624709658,-0.41958596866717746,0.658891030967383,-0.3983358275628328
132,-0.10804477521850055,1.0382856202808557,0.43951542424769535,-0.25276515247377834,-0.15441489134054912,-0.4667235516594971,0.4405405325437399,0.2527651524737748,-0.387595900628423,0.4010356693605426,-0.06235662766005274,-0.4295645756573927,-0.10736999623645418,0.42748692387750753,-1.162611250720618
133,0.6471372924082033,-0.42204709294372617,-0.3420708909876518,-0.46812313928917165,-0.8914256051782021,-0.6073324561438991,0.7324140073120913,0.4681231392891698,-0.6786699508552204,0.9553155063705882,-0.8322066855507659,-0.6452771090832616,-0.8700281727748201,0.8597955397606797,-1.156342508370087
134,0.04299163830684054,-0.23402925611606124,0.01732634283504201,-0.9159426592347746,-0.699360660880125,-0.2553161643320341,0.25771082513915056,0.9159426592347691,-0.25058681596612764,0.6213519849112527,-0.6347812568633955,-0.2540782518585444,-0.6729735329239986,0.44987466811375976,-0.8877413649783186
135,-0.2590811887438417,-0.060614746420642136,0.1958534525192357,0.827602359683807,-0.006456423893635222,-0.7370240244282336,0.8882871662452997,-0.8276023596838087,-0.747049343844907,0.469798196354396,0.07124221920467988,-0.7451733865687153,0.03463664687106068,0.6869213607465812,-0.6240877059339699
136,-1.6184089104719097,0.1018472679255926,1.8383568337242948,0.27173555642556707,-0.27282460557569194,2.45091460897266,-2.0463828317623887,-0.27173555642556874,2.5069214782617912,-2.0144587008303656,-0.4750840748647753,2.489237905137732,-0.38303678050470935,-2.0640559133093714,0.28044359415270487
137,-0.712190429319865,-0.1372822138649327,0.2009932210021848,-0.8894318431806292,0.31000627688000654,1.7055467693870758,-1.778263602832623,0.889431843180629,1.931718792358128,-1.641781922804518,0.759907593436457,1.824897602305199,0.5518371438549473,-1.7374446529895968,0.5297996985283422
138,-0.712190429319865,-0.12450430262421759,0.497933732632839,-0.1072270486821824,-0.09672662882634199,1.1605742925266738,-0.9916293837318889,0.10722704868218062,1.1775302291445437,-0.9056593940819,-0.21371173480686553,1.173985826646414,-0.15978883452980683,-0.9637720773304015,0.4206801826435921
139,-0.5611540157945238,-0.7414948739616034,0.0833558936204853,0.6174566622766342,-0.46381967567202625,-0.5832316529583887,0.8075446017757325,-0.6174566622766359,-0.5679243230954042,0.58667587620105,-0.8094883693139064,-0.5781739591732292,-0.652148847013984,0.7069236565098671,-0.7640494341833335
140,0.49610087888286214,-0.9861006034267209,0.48058396391994707,-0.24570754161637978,-0.7684336099999527,-0.09833253257189448,0.2828930631332382,0.24570754161637975,-0.11872971190985968,0.37028536159780284,-0.6645803467639854,-0.10885629379727212,-0.7220119848100147,0.3327639848706807,-0.2863857334013432
141,-0.5611540157945238,-1.0718951503286651,0.04246184691508,-0.9891478592989377,-0.892325600540258,-0.7277965173078579,0.7346180988258284,0.9891478592989357,-0.7016511115175575,1.0888774690457672,-0.833433293243794,-0.7179977346017878,-0.8711112829600355,0.9298974230672349,-0.26101179321019286
142,-0.10804477521850055,-1.2672146507224529,0.10802688301690448,1.0992943127833663,-0.8241927500680996,-0.40010965744475696,0.8344207564597202,-1.0992943127833679,-0.34571167580108864,0.3247547546785292,-0.9488556226822074,-0.37490649273004956,-0.8994647958322924,0.5850525147425807,-0.22243491720692282
143,1.1002465329842266,-0.9167347995485533,-0.6687250626436444,-0.26034268893805923,-0.6624425155333353,-0.6657606913192688,0.7700816836311304,0.2603426889380574,-0.6644737233723063,0.9283892766120421,-0.9345801905374208,-0.6680012623566787,-0.8140374610878692,0.8647221402092969,-0.1640005942809694
144,0.19402805183218164,-0.34903045728249704,-1.3021116024308226,-0.5467059045251585,-0.32464281169301645,-0.6884629658467765,0.6312881895270482,0.5467059045251583,-0.6633253870589393,0.9270202023959668,-0.7044837257687985,-0.6789931425375508,-0.5295189612133195,0.7946064569014856,-0.5890791909610021
145,0.34506446535752106,-0.18291761115320088,0.03059322463296483,0.28291588031106396,1.1376760988231356,-0.17074514626768872,-0.006935089470150837,-0.2829158803110674,-0.2684542865762061,0.06362613770121447,0.5956689380286773,-0.21985934718680428,0.863249911059307,0.029401870375167637,-0.44005189685086904
146,-1.1652996698958882,0.755346157093593,0.570813684266421,0.8886098265110981,0.7789155298926338,0.5109068986902389,-0.4336151820446236,-0.8886098265111014,0.350245939671797,-0.6675736592738734,0.786104339985613,0.43357146514814937,0.7914421600414208,-0.5617202708558926,-0.5955601061295509
147,0.7981737059335443,0.11279976327477696,-0.11871867545859391,0.14748210555943647,-0.3062056279285914,-0.7092263866796044,0.8089106185306912,-0.14748210555943994,-0.6953584504485344,0.7623800311047118,-0.5829707001943645,-0.7054259547740492,-0.45626505373456877,0.7983775752596733,-0.6679351476211859
148,0.6471372924082033,-1.0299105848234584,-0.30015850673373845,0.536894360590288,-0.3720131382621973,-0.6691123936012534,0.8788335905601815,-0.5368943605902913,-0.5809367539755739,0.5681630742515518,-0.502655950269864,-0.6283485518959615,-0.4453924208918153,0.7330102108828106,0.3048145355677702
149,-1.4673724969465705,-0.978798939860598,0.7253079090224609,0.22136747929573525,-0.7006528656592058,-0.16200083257590614,0.4120806778958608,-0.22136747929573344,0.20762903251160647,0.041272140622166845,-0.7324664687600186,0.020304021952064974,-0.7253499509540883,0.2273966124383314,0.4065417575883938
150,0.04299163830684054,-0.6757799018664973,-0.4456650810798606,0.3859653820413918,-0.40009364842326356,-0.6898981040921868,0.8768412101593952,-0.38596538204139524,-0.6794881709149714,0.67996196146857,-0.6876923164484328,-0.687726195611093,-0.5569436293230142,0.7897704496620246,-0.1815578949719576
151,-0.10804477521850055,0.4012154741366319,-1.1039459547018147,0.048274121477802266,0.4623154905702078,-0.3756465465689571,0.24373462225990083,-0.04827412147780576,-0.3083116069409761,0.07313324167118096,0.5274043814925012,-0.3439325045314181,0.5019745069834264,0.1596692586846591,-0.8707916500843815
152,0.9492101194588854,-0.7341932103954805,0.5755434307474692,-0.7157329763939002,-0.6809753135444402,-0.713837000009985,0.718692021062347,0.7157329763939018,-0.6434006985024712,0.9676471938702745,-0.9079637771972318,-0.6820492920769257,-0.8088572892868799,0.8593040863637758,-0.5026284118376737
153,0.04299163830684054,0.012401889240586956,-0.28284904440270453,-0.8105329868484351,-0.01995839799504521,-0.656433658798031,0.4591898328733339,0.8105329868484314,-0.732022440333821,0.8136137435709524,0.07934026418629928,-0.696695379629428,0.03242740796307257,0.6499557383594896,-0.3073088665236174
154,0.04299163830684054,-0.5826836913984301,0.08494452166406911,-0.03891589514051758,0.37799778941073076,-0.5095961788640178,0.3149562668503542,0.03891589514051757,-0.40659999286161336,0.32311061985912093,0.33150806525513726,-0.4608051206529954,0.3575978860703705,0.3244272631805506,-0.3036537075223076
155,0.7981737059335443,-0.8674485704772236,-0.13215848452031914,-0.7232157665591508,-0.9919886462689366,-0.7049542853710479,0.7830987727572291,0.7232157665591489,-0.7740261024796657,1.052628345911094,-0.7180698002164617,-0.7421991638051818,-0.8579670983394563,0.9354151160729349,-0.013888325533245205
156,-0.5611540157945238,0.5271691706522521,0.43304547370763086,-1.0929705638355236,0.6592314523678682,1.0077838790985292,-1.3587017671361332,1.0929705638355216,1.201487775514928,-1.221865871304695,1.2918491215218695,1.1080435400591713,1.0017755086688354,-1.3106950159872481,-0.28958761410961525
157,0.34506446535752106,0.09272018846793896,-0.5342147074370653,-0.15582390379579997,-0.5013614830302596,-0.3086521192839666,0.3108318138678871,0.1558239037957982,-0.3797867107869307,0.39883654588694095,-0.4193880563581221,-0.34520526699460263,-0.4635427807795446,0.36148557824460353,0.13575619859293964
158,0.7981737059335443,0.7973307225987997,-0.9727099688384062,0.4589097937500691,0.28751629626169156,-0.1436627637949412,0.09264777951974418,-0.45890979375007246,0.06958947855143821,-0.24604288687150325,0.10827526497931812,-0.03870177827729949,0.19577103173459728,-0.08077692605681103,-0.4764443572504545
159,0.19402805183218164,0.9269352508974813,-0.7067712834949333,-1.0505957401992463,0.8598354731447012,0.7453869100953245,-1.1867952698857356,1.0505957401992425,0.8849811996610469,-1.0128109216537962,1.2105377137456237,0.8177224938755797,1.055263828126389,-1.1167271282468478,-0.5989162943418358
160,0.34506446535752106,0.634868708252565,0.25567691434304807,1.156503843862024,0.760340400154177,0.576253388671408,-0.5297134694983127,-1.1565038438620239,0.49542354341964423,-0.9404086259750836,0.8391433829092341,0.5387250932736188,0.8106008646721886,-0.7507271802822895,-0.25015722472477264
161,0.7981737059335443,1.5402749904518058,-1.0442642048905983,0.9154458290142454,0.40375365002561936,0.09820806337485118,-0.12581935512490972,-0.9154458290142453,-0.05858782524958632,-0.3132518851980521,-0.008509827703292077,0.021002347801751624,0.1898522924882389,-0.22474978628831319,-0.7879960299623633
162,0.6471372924082033,0.8886015171753361,-0.7111887840331057,0.039223186130099605,1.716941706266319,0.8385380883426174,-1.28756669897647,-0.039223186130103095,0.9263636581283775,-1.1875642137408533,1.1885653355909118,0.8856454352015429,1.4562205945609281,-1.2574008751103978,-0.6366878780585375
163,0.6471372924082033,-0.9276872948977376,-0.8547203832005282,0.3773696871811997,-0.9873704410420172,-0.6286680452705252,0.9592948533582769,-0.37736968718119956,-0.6260763913816186,0.7560325470769194,-0.8729445902531551,-0.6301023283758894,-0.9377978096028252,0.8703031392806707,0.1495088548881056
164,1.1002465329842266,-1.0025293464504974,0.3987797213361224,-0.14168295265819772,-0.9077069283108712,-0.7122857198393383,0.8793460576700772,0.14168295265819594,-0.7708556860006237,0.9706579669633427,-0.8543965734648411,-0.7443627834546614,-0.8896221258741926,0.9411999975019357,-0.35720323352434646
165,-0.712190429319865,-0.21394968130922323,0.12328380439993677,0.4893465110521777,-0.28480704451731453,-0.5355684379733275,0.70990040748864,-0.48934651105218113,-0.5680497909148242,0.5302759859037596,-0.35462771919059505,-0.5539650721108659,-0.32498624834198747,0.6289565239304705,-0.4657392741595467
166,-0.2590811887438417,-1.0773713980032573,0.37019253950982234,1.6065770829143806,-0.809745353831955,-0.20136016137518034,0.800926062012212,-1.6065770829143804,-0.31764238213806895,0.11773386914696381,-0.610180385485018,-0.259802296187404,-0.7130773153474849,0.4613529740667358,0.5984665378141627
167,0.04299163830684054,-0.9076077200908996,-0.0843985207359356,0.7639240369745282,1.0730842711173536,0.7416221578013825,-0.701479767864855,-0.7639240369745315,0.335698497162376,-0.347105651703474,-0.11619488820719706,0.5438535275844752,0.4550055034101875,-0.5301175868048067,0.5602464979139228
168,0.04299163830684054,-0.004026853783189589,-0.24402657353779092,-0.13765579539468106,-0.9613681018865441,-0.7050244611988107,0.8774012462205071,0.13765579539468278,-0.7059095253462929,0.8815546780561344,-0.8857101449228463,-0.7085101311267031,-0.93204396737972,0.8941956403290505,-1.3186595362633462
169,0.6471372924082033,-1.186896351495101,0.25389579300010623,-0.27729442263031895,-0.8581530493688638,-0.5341399409755481,0.6389738852600153,0.2772944226303154,-0.6284838193692863,0.7625176688754854,-0.5207226713818269,-0.5831587640013419,-0.688984664240042,0.713466041587431,1.012058869664221
170,-0.5611540157945238,-0.7433202898531341,0.9202330776317038,-0.8722763995473729,-0.5164275376549224,-0.7422878257408878,0.6820137813646315,0.8722763995473727,-0.7463644567192788,1.1016078158609188,-0.8090374291269029,-0.7475147231909401,-0.677234559806494,0.9101674905013966,-0.07834064111570854
171,-0.41011760226918276,2.522348740095337,-0.43638623403262716,-0.4876895092356586,0.7643881032259212,-0.5259946253334219,0.19762039696238334,0.48768950923565324,-0.5768223564717904,0.24100029546359528,1.2661298702278783,-0.5534332358542585,1.0387700649625495,0.22333033178929654,-0.9323651662951011
172,0.19402805183218164,-0.7524473693107878,0.8704134675657904,-0.9727640098010554,2.903291288113672,-0.7420169601627004,-0.17833720515027654,0.9727640098010534,-0.7760340596101406,0.21012661318858142,2.7883265338292365,-0.7620663227056859,2.8748769174851185,0.01937025474844931,-0.1632290567609038
173,0.7981737059335443,-0.4001421022453574,-0.5223477153540111,-0.15017773751092006,-0.7745992841421034,-0.6852780628944621,0.816992991553527,0.15017773751092178,-0.6915783249611258,0.7661421931934858,-0.47392940554323465,-0.6913594633063578,-0.6239717237753014,0.8043630169615151,-0.4533994959480006
174,0.04299163830684054,0.9524910733789115,0.2931495734478496,0.1018380682525951,0.13096667548319832,-0.6274424800789852,0.5949606188403492,-0.10183806825259682,-0.604797561870262,0.5032468515683005,0.05901690537949253,-0.6189430208527247,0.09431297154517579,0.5575134133188101,-0.6659195058500158
175,0.7981737059335443,-1.0408630801726426,0.7372316523890745,-1.7210670011383131,-0.7457552683276736,-0.16932378461954845,-0.029330543349383335,1.7210670011383091,-0.2787126791850959,0.7993549396210444,-0.5637845776600141,-0.22421453092901172,-0.6576926089316012,0.3982882586009575,-0.3195039814501507
176,0.49610087888286214,-1.1686421925797936,0.11114500914643138,-0.04922722696469707,-0.6756026131438267,-0.720291246816484,0.8631302750339646,0.04922722696469356,-0.7386452147137699,0.9249172367750362,-0.8813509025678502,-0.7324918259041159,-0.7921712491027303,0.9094605548068545,0.3683458282356556
177,0.49610087888286214,-0.45490457899127923,-0.8134628616307371,-0.8525187602197472,-0.8041595792413234,-0.6479489926181253,0.5695701686825306,0.8525187602197452,-0.6642405189705587,0.9459619996424179,-0.7132714295849524,-0.6588157496010447,-0.7650068298874669,0.7735278142503029,-0.5368364566335736
178,0.6471372924082033,-1.0317360007149892,0.5014576718050393,-0.8257725726305221,-0.9016035631993576,-0.5664194857002413,0.5900250796262032,0.8257725726305184,-0.5803866465202192,0.882125972602814,-0.8460782699326537,-0.5757830291087646,-0.882276958115475,0.7507785588307749,0.35509949343803304
179,0.9492101194588854,-0.46038082666587143,-0.4397292387608431,-0.5174580109490975,-0.5527424584269898,-0.5460817647987121,0.5620456616869369,0.5174580109490974,-0.524727803165423,0.6542139727528505,-0.18106331538419657,-0.5378697808553959,-0.36201053511080794,0.6190445286846011,-0.07829242002070429
180,1.1002465329842266,-0.23585467200759197,-0.6061267038560797,-0.5896703513950576,0.15186486195610038,-0.5895090434347136,0.4172558657316864,0.5896703513950557,-0.6238127208485464,0.599957450042293,0.2031821651607279,-0.6090410756226368,0.18075289473607298,0.5186079241519823,-0.15777042880644124
181,0.7981737059335443,-0.6575257429511899,-0.19012531725433976,-0.2048945714600762,0.13217729706326437,-0.47798808454153696,0.42141181343079565,0.20489457146007264,-0.4208787258045344,0.36812730540898775,0.24867081921189954,-0.4517791369218563,0.1953758363973499,0.4009201168982992,-0.16623323097965825
182,0.49610087888286214,0.6458212036017493,0.11206322487654759,-0.5932581412934488,2.223042587929762,-0.16978646460262875,-0.47839460204728157,0.5932581412934469,-0.02397413942874899,-0.3927939955538287,2.349298768573296,-0.09832814959919674,2.3148152845261767,-0.44215939396709536,-0.2612914755612165
183,0.6471372924082033,0.02335438458977132,-1.0291238343794846,0.7420106382711098,-0.17744803451725372,-0.5837891397546224,0.7370839262068212,-0.7420106382711131,-0.631786509639868,0.47782082191843056,-0.504089127665765,-0.6100762450726996,-0.3524910485243122,0.6154516227991852,-0.5760160963243948
184,0.49610087888286214,2.672032843200857,-1.2605264534578549,0.6292625209273104,-0.007048578231587115,0.1472537194567776,-0.14772059803473353,-0.6292625209273119,0.1502948245573787,-0.4738346438145673,0.247442111497151,0.14939588662948208,0.1277036395991258,-0.31866115482585017,-0.7887531011539278
185,-2.071518151047933,-1.5154712119706317,1.318458318742896,1.0875680793634785,0.4336444894179039,0.7001547213622508,-0.60072226749687,-1.08756807936348,0.2407686258110291,-0.8559278213306599,1.6493150318828869,0.4757374000710468,1.0825695426641126,-0.742593783667682,5.145913503189134
186,0.19402805183218164,1.7903569675915154,-0.25455060695917003,0.13507314306232557,3.6241330750106084,0.6290048484062711,-1.5007925493048182,-0.1350731430623273,0.5489310599853561,-1.5169875479049388,3.6480160856727357,0.5920788979453829,3.6773492677043764,-1.5342156072197775,-0.4923042753972986
187,0.6471372924082033,2.4475066885425774,-0.2773773614188799,0.1512683165810575,0.9110275188314734,0.31633772352937595,-0.5065724947680224,-0.15126831658105744,0.316984555132145,-0.5751702600139585,0.8125198326286872,0.3180253434703532,0.8690339909390581,-0.5504683913744655,-0.6967134971196255
188,0.34506446535752106,2.107979332717862,-1.0584906762552764,0.27820135743615104,-0.1015448041183007,-0.0788313279477986,0.021006247062727405,-0.2782013574361527,0.024483404089462986,-0.16274212857875606,-0.16304608909543025,-0.02802057341135232,-0.13526518528213186,-0.07356957538597746,-0.7038984402752344
189,0.7981737059335443,1.8743260986019288,-0.13870882642276625,-0.5458178235240074,2.6778082811318855,-0.08546596752403951,-0.8818853951945473,0.5458178235240038,-0.04494933639683669,-0.7424351572993813,2.5107280313995783,-0.06577546166564698,2.619259024755544,-0.8245673402949785,-0.5597462988700157
190,0.6471372924082033,1.5055920885127219,-0.9319219263727166,0.5735792103136849,0.07572403835116093,-0.07794474906728527,0.15128015406706716,-0.5735792103136865,-0.12794760333113844,-0.10745902815881109,0.18111524992885525,-0.10303826240408664,0.13240864072183917,0.02013820744109256,-0.22147531741634158
191,0.9492101194588854,2.3544104780745103,-1.1215805385027586,0.37804446534956004,0.4761891620263235,-0.08563786122478725,-0.05338846269617322,-0.37804446534956343,-0.03193034963607666,-0.2393239456059017,0.21903503859742354,-0.05941724501098537,0.34527665153256804,-0.15033622950261571,-0.8430982752235344
192,0.04299163830684054,-0.18291761115320088,1.1008116315632899,1.4005768295290963,-0.8137731127826376,-0.7435538904682129,1.2674930029782154,-1.4005768295290961,-0.7530688189868332,0.5749441998635516,-0.7419272008006265,-0.751478781575847,-0.7848166848149526,0.9308757668308297,-0.6266096692026835
193,-0.2590811887438417,-0.4457774995336256,0.4770046770106864,-0.686412541791686,-0.2284503588136877,-0.7601391388319318,0.608906500910023,0.6864125417916841,-0.7567318468585115,0.8921094057549405,-0.37837928731948056,-0.7617378809214884,-0.3104407592457399,0.7653784121128323,-0.7793548097376308
194,0.7981737059335443,-0.5753820278323073,-0.5417187106800266,0.31345113198273705,-0.6863633707857252,-0.6722159292672492,0.8369967546442979,-0.3134511319827405,-0.6127904128255293,0.6315518454836943,-0.5944155865795703,-0.6456997941967122,-0.6453307952369239,0.7448356505193071,0.6209616786335694
195,0.34506446535752106,-0.43847583596750267,-0.4573183036418236,-0.5016599741400086,1.1614039857108212,-0.6937921598956984,0.16988433711368314,0.5016599741400051,-0.7227745306086112,0.16310936274552934,1.7420039204653954,-0.7111403578326673,1.4820091716093267,0.16922061701401947,0.6894404556488742
196,-4.0349915268773655,-1.5300745391028776,0.10576859140592632,-1.178929954491846,0.8088225136708351,-0.6994786393607442,0.24959663966524895,1.1789299544918457,-0.7172392502117356,1.0307149670829587,-0.5695550933005412,-0.7112954826056271,0.08760021960655928,0.6572985382584947,0.7409405851132393
197,0.19402805183218164,0.514391259411537,-0.41423485103808577,-0.010337497034613508,1.4476103475823017,-0.7266999414866441,0.27684497006463743,0.010337497034611754,-0.7386878775186578,0.2117576093114201,1.626777449460323,-0.7357763764269465,1.558736696481786,0.2478421626992848,0.5008863299638909
198,0.34506446535752106,-0.31434755534341324,-1.0080114418158626,-0.5435282934074901,-0.6792589566006438,-0.70059025437875,0.7122188410681579,0.5435282934074864,-0.6976124867896601,0.8695869787460375,-0.7470247164684831,-0.7021442552466463,-0.7227643193083579,0.8054079130711699,0.4621310359091053
199,-0.712190429319865,-0.06426557820370359,0.8229464852145908,0.30950934807206504,-0.22673166212299073,2.3519878749329357,-1.9700051969587518,-0.30950934807206676,2.2888480155923006,-1.9885163689540757,-0.041851702293092576,2.330893576871808,-0.1313185235583643,-2.012458573001349,1.0025159149629126
200,0.9492101194588854,1.8779769303849903,-0.49783476245861763,0.5730024417933286,0.22330245596413748,2.20678144427808,-2.0622491038428854,-0.573002441793332,2.0967345030606133,-2.0488180117626946,0.05370699622145045,2.1618356222373283,0.1359487810318415,-2.089740798740008,0.4090781871856089
201,-1.0142632563705472,1.264637190830666,0.9177327501096343,-0.009993068453514428,0.9445978600753632,2.4256535763383247,-2.3869990812496056,0.009993068453512674,2.6589384796801028,-2.4717384358997263,0.9712656303301216,2.551638687378921,0.9692989768291916,-2.470628637335132,0.2126447345769576
202,-0.5611540157945238,1.021856877257079,1.3268175245964395,1.7429454755304372,-0.45691954969222354,2.941466243519712,-2.223720258729887,-1.7429454755304385,2.1890206665998253,-2.177204090695311,-0.38862562347616614,2.5816421757698844,-0.4258509386770847,-2.2368156686115044,0.44729822708584877
203,-1.0142632563705472,2.414649202495024,0.5719358016085799,-0.05932470374243744,2.319012476028925,1.7176596595383076,-2.1306950432401313,0.05932470374243567,1.8503581414934585,-2.1195064133105954,2.0808514964378557,1.790783756992742,2.2187883162685207,-2.160487961562501,0.38099422145522843
204,-2.222554564573274,-0.21394968130922323,2.4993104055306805,0.869530777713895,-0.07518402838160239,2.867968508936148,-2.336079709601888,-0.8695307777138965,2.6610079336528534,-2.4016916010656595,-0.16416362343462637,2.77789837477791,-0.123167587131554,-2.4089776711468147,0.8744165760845543
205,-1.1652996698958882,-0.7013357243479275,3.392117708733291,-1.5203628957185744,-0.1778235987452697,2.3977702221792896,-2.40902712494323,1.5203628957185706,3.254566611179677,-2.440028936022872,0.2105623624724688,2.8323376340080997,0.025955970707771687,-2.4652630153760255,1.346380543437061
206,-2.8267002186746386,-1.0481647437387656,1.2494853222135371,1.2169967737057963,-0.5092291833292745,2.900120031712981,-2.1931717952611796,-1.2169967737057978,2.4239675554789044,-2.2430604349116363,-0.20535425004136845,2.6769109737523094,-0.35393342897136604,-2.2555610192381805,2.7022227158859913
207,-2.9777366321999796,-0.9003060565247767,3.66291888846793,-0.21223582068611527,-0.9895528528032365,2.951782895782077,-2.4059986958564408,0.2122358206861152,3.2685787822529004,-2.4707966884212444,-0.762824999301955,3.1213887976658525,-0.880506190249414,-2.4796435227156226,1.534510323486008
208,-2.373590978098615,0.3081192636685648,1.6799898575032162,1.7139759033420865,2.94807073778596,2.152701629928618,-2.2689187368618833,-1.713975903342086,1.6970035036586513,-2.3286046662994577,1.9925521275225198,1.936388876346905,2.4748257133994698,-2.337633989610647,0.7781045830328895
209,-2.071518151047933,0.10732351560018477,3.25057933754877,0.03690455871877504,0.9066685084290096,2.4413057072283872,-2.351048673922926,-0.03690455871877328,2.761099681698844,-2.4327464632430154,0.518427383754425,2.6101894335397984,0.7111232071896413,-2.4325067109462823,1.049541126810899
210,-0.863226842845206,0.4322475442926542,1.2493756435785617,0.5732182428528878,-0.24520765154798388,2.92327885096943,-2.39165115637446,-0.5732182428528877,2.879646145382469,-2.4139892777574548,-0.51892445043955,2.9143120242057186,-0.39296936437190977,-2.4431211835600837,0.5346410964667522
211,-4.186027940402707,-0.5096670557372011,2.080491723522352,0.12987887209478163,2.9837011317264963,1.911357103543483,-2.3791165005989283,-0.1298788720947851,1.835496547952567,-2.4804983349824767,3.522324074261238,1.8820601135462705,3.302462487920093,-2.471212150018728,1.2433754623988293
212,-0.2590811887438417,2.1846468001621524,-0.180734367541026,1.3258228276084494,0.9347674092784696,1.0792101650399497,-1.2358356023442965,-1.3258228276084527,0.962002327583053,-1.6353692481028552,0.9992604838657861,1.0258450250220799,0.9793986343039899,-1.4628722346002268,0.5232609180457873
213,-3.8839551133520245,-0.6392715840358827,2.606810789177009,-0.2473958308254396,1.5209237723122593,2.204181128114686,-2.3978500515017442,0.24739583082543953,2.700607546997334,-2.466535673127925,0.8447324549779223,2.459491254362881,1.1796952609505407,-2.473367226455222,1.5295724833575894
214,-0.712190429319865,-0.838241916212732,2.839313866960822,0.41330965771983563,-0.45920652105645204,2.9329217990655114,-2.3779836771825105,-0.4133096577198373,2.9857338563063576,-2.444732896104527,-0.45909675531903965,2.9717468103069664,-0.4642879950312928,-2.4521688043866865,1.3129488582707272
215,1.1002465329842266,-0.6246682569036369,2.350761374008631,1.2217510776542122,-0.43033046067764363,3.1349156388121098,-2.3981646418798497,-1.2217510776542135,2.8007710853577663,-2.4442672148092974,-0.5739500112732255,2.9830301300880655,-0.5112376298998254,-2.462020405317644,-0.6697482607933397
216,0.9492101194588854,-0.7761777759006873,2.0169500142733656,1.4409724934663533,3.4462416967028036,2.107003232367283,-2.4080363839853494,-1.440972493466353,1.3983342734736277,-2.47474168424426,3.893475688577267,1.7652461588597452,3.7217614345048924,-2.4827005683205376,1.2477105388396967
217,0.7981737059335443,2.051391440080409,-1.728558483974636,0.2533238593636363,-0.0032853244728300738,-0.14403679319274815,0.09871800822173768,-0.253323859363638,-0.1692794717377203,0.11789193374148219,-0.276946080908666,-0.15715713574602133,-0.14830965115487207,0.11027162955234292,-0.6055129401383951
218,0.49610087888286214,1.7501978179778395,-1.834828756896423,0.9099827028340404,-0.21665573514405656,-0.1964840220733346,0.13805864346183208,-0.9099827028340419,-0.2632445033697259,-0.07737191085321944,-0.5691746308317622,-0.23038668464777654,-0.4058478350564161,0.029069693996132538,-0.36709338010968495
219,0.04299163830684054,-0.20847343363463106,0.5640204503593507,-1.3102988453389535,0.3390290383163354,0.6566366356440739,-1.0405408013353403,1.3102988453389515,0.8707771409905131,-0.7185261281221397,0.749896360719568,0.7654967012041011,0.5605042321869431,-0.8915566875907537,0.7006325717993225
220,0.9492101194588854,-0.8802264817179387,-0.490153284131951,-0.29922924205583223,-0.8663418634744514,-0.6029842801588576,0.7549810604237118,0.29922924205583046,-0.6872274517750668,0.8843706073055698,-0.6563665375566815,-0.6472997861261569,-0.7647917896177706,0.834430007426081,-0.40201027500214465
221,-0.2590811887438417,-0.6356207522528212,-0.1927820836888549,0.7030494202091055,-0.6177308553416453,-0.5622472291488859,0.8623965327257319,-0.7030494202091107,-0.6164046336872309,0.5286997038474384,-0.4811798228815392,-0.5914910752436887,-0.5522989752701551,0.7044030685668512,-0.30961383486481225
222,0.6471372924082033,-0.5114924716287318,-0.5898804018165175,-1.124242155353597,-0.7490995020452886,-0.7243420674714983,0.6127685178999671,1.124242155353595,-0.6704121027259502,1.0031050873556668,-0.6184790302528363,-0.7007721156987481,-0.6882800103009986,0.8246513959769005,-0.32204523315686634
223,0.34506446535752106,-0.1701396999124858,-0.23766449894123617,-0.6212901499169649,-0.7478268135696154,-0.7346179528934293,0.7299982817185805,0.6212901499169646,-0.7156829341335544,0.9924607439867406,-0.8370326830315321,-0.7284185449760613,-0.8034587495879566,0.8777771328230526,-0.09475510185509949
224,0.04299163830684054,-0.1920446906108545,0.051182184574816804,0.26340327229027666,-0.9156677605361916,-0.724801876372766,1.0026377210449924,-0.2634032722902801,-0.7146084229536858,0.862634108307113,-0.9904128559341926,-0.7228880195283754,-0.9655168132367006,0.9470498109985809,-0.015604996515390476
225,0.6471372924082033,-0.9240364631146761,0.6304757340791882,-0.26645291430457185,-0.7904057176005023,-0.5938258495494378,0.7346180988258284,0.26645291430456824,-0.6268246970983505,0.8347901387351655,-0.754271203558372,-0.6127305150925149,-0.7801079231124548,0.7986329737516569,0.8820837301902039
226,0.34506446535752106,0.3610563245229559,0.0020887909139304097,-0.1792133325490128,-0.5722377303977233,-0.5867435631715092,0.5740485883219997,0.17921333254901275,-0.545056775920263,0.6389236388193599,-0.5467552568308951,-0.5686404833892101,-0.5651416421404291,0.6171478369799271,0.4544011943799507
227,0.7981737059335443,-1.3347550387090898,-1.411947418578888,4.649900073714052,-0.2479289213082541,-0.5176725450289231,1.392172067090794,-4.64990007371405,-0.6420333179152625,-0.46422484240288003,-0.19914082620462684,-0.5814816623769583,-0.22485553911489756,0.45637904148711306,-1.9980224332284333
228,0.34506446535752106,2.4456812726510466,-0.007318463243587562,0.6823644174889603,-0.394094543237245,-0.3812026913444529,0.5127691080460967,-0.6823644174889619,-0.3687742355208342,0.24025818904694254,-0.46544723096115714,-0.37669706757131466,-0.4363086100022245,0.38054777465120593,0.6013887361714102
229,0.34506446535752106,0.8009815543818611,-0.9642832588238937,-0.4290755391907927,-0.17470202594098075,-0.2744255820459198,0.18637180320750754,0.4290755391907891,-0.1174741599210433,0.15741287220718153,-0.0644883294555528,-0.19790456228578185,-0.11826530603914086,0.17452286197513622,-0.46601895651057035
230,0.19402805183218164,1.2427322001322971,0.6548504953145745,0.4520753753278497,0.816829719437502,0.3390771089508901,-0.37579183333267385,-0.4520753753278496,0.23721927691956746,-0.5544632958714694,1.0509224321682544,0.290112584522321,0.9499961190448513,-0.4743696200954355,-0.567254323362152
231,0.6471372924082033,1.029158540823202,-1.0085255299935765,-0.14010880324802882,-0.11305767722677079,-0.27927565596602244,0.23851517108124856,0.1401088032480288,-0.35430151126752163,0.2832512459097349,-0.09395283499248559,-0.3176284027805934,-0.10420117423156616,0.2656084823958494,-0.5444505675347185
232,0.49610087888286214,0.24422970746498932,0.3029713704279654,-0.4186291792721074,-0.03407387165563479,-0.5396239951298358,0.4557811524311384,0.4186291792721038,-0.5751632210209214,0.5577358390207678,0.11692214970384594,-0.5595521235604337,0.045543603291352264,0.5160616312098618,-0.26153258103623694
233,0.34506446535752106,-1.5684082728250228,-1.5808615903823526,3.281972760712785,-0.3943827120428004,-0.32665075204807337,1.2098502849809625,-3.2819727607127844,-0.6996186867356611,-0.0013031400336851779,-0.4541884965175786,-0.5127204957772283,-0.43048236670198675,0.6043535357309009,0.17159893850947788
234,0.9492101194588854,0.9524910733789115,-1.3507987517036266,0.2951652617150217,0.012527530900052415,-0.3717483244737182,0.3387428574823738,-0.2951652617150234,-0.33085603238388267,0.2271482473948693,-0.24588987827341396,-0.35310928427376914,-0.12424377014458897,0.28674728634311086,-0.6149546305401954
235,0.6471372924082033,-0.838241916212732,0.2586223342687732,-0.10399024609856371,-0.8157374706315362,-0.7391995141076191,0.8963116975795087,0.10399024609856368,-0.7086146652784814,0.8515921521797216,-0.7290509893993913,-0.7272520363520754,-0.7789403817886796,0.8881734673132483,0.8843115447793923
236,0.34506446535752106,-0.20299718596003888,-0.5545010691518645,-0.22836498373911407,-0.4984419844068202,-0.6215038099976427,0.6024780669256921,0.22836498373911227,-0.6562959479636584,0.5907493529963896,0.14461907726065615,-0.6414159783220373,-0.16332209747605408,0.6064775715334434,-0.0872711879104649
237,0.6471372924082033,0.5362962501099057,-0.7200230795972454,0.37516868979124446,-0.7730265376445667,-0.03981551896069637,0.3594785262782096,-0.3751686897912444,-0.07119654718257068,0.13567095272213062,-0.6283782903402562,-0.05552448405665222,-0.7050428246907248,0.24985863533865138,-0.7535420575819428
238,0.19402805183218164,-0.3472050413909663,0.6713299317821201,-0.1494333684287154,-0.9001996682851668,0.9757266612217398,-0.6298281011089233,0.14943336842871363,0.9738294036634537,-0.5123210007798114,-0.9485804827941925,0.9790049049357835,-0.9359075986242968,-0.5796378931127236,-0.5739184786917167
239,0.7981737059335443,0.5618520725913358,-0.6246156990272103,-0.8815888664598497,-0.660625200935922,-0.24750490434221467,0.21528145074277424,0.8815888664598496,-0.16901006708271055,0.5061217522883713,-0.6121210119921568,-0.20971166316966125,-0.6423213012943821,0.3691271484668712,-0.9740667692546359
240,1.1002465329842266,-1.0718951503286651,-0.20741463482176906,-0.463226290416899,-0.40902809111625493,-0.2278463763683234,0.2809058607230021,0.4632262904168971,-0.07566427869345978,0.3823432208047846,-0.5406829238411014,-0.1534853278342491,-0.48335783665295273,0.3379994460920827,0.3425089655324655
241,0.04299163830684054,-0.29244256464504453,0.4531912764301417,-0.7695126763604835,0.7151861917116247,-0.7314976011643242,0.3666552428869587,0.7695126763604833,-0.7603977429515852,0.6434932642066079,0.8887535209139134,-0.7489680691983477,0.81514814523055,0.5157944673842374,-0.12548640570120428
242,0.7981737059335443,-0.9879260193182516,0.6231713817737753,-0.36391433570189996,-0.8391549385839228,-0.7327221344599716,0.8667767289007574,0.36391433570189635,-0.7712541513389563,1.0207732491381023,-0.7934144619584506,-0.7549666722805661,-0.8243134532333185,0.9608044110275133,0.43767329652303244
243,-0.10804477521850055,1.8013094629406998,0.20499784175735322,-0.14143698163867735,1.3455701057998426,-0.5163612839245899,0.1340476078520771,0.14143698163867557,-0.5705166265205757,0.20033348978834623,1.22210116451415,-0.5454057669386909,1.2952154943657297,0.17052965653634158,-0.6444900512301991
244,0.6471372924082033,0.5636774884828666,-0.6477897964128744,0.1620732394640856,-0.47623825431640826,-0.6840456880259712,0.8238276499343876,-0.16207323946408383,-0.7141822401091228,0.8211753033755308,-0.7383360394887791,-0.7019231962299883,-0.6204299148060933,0.8362116604695747,-0.7593044784349312
245,0.04299163830684054,0.4760575256893917,-0.11652731543302215,-0.0307631901772512,-0.4533036907654737,-0.7064914148434032,0.7881804419361533,0.030763190177251192,-0.637838357272717,0.7824639226903167,-0.7040221200144581,-0.6755548462082799,-0.591209788605916,0.7983863162624908,-0.8504712806496594
246,0.04299163830684054,2.4329033614103315,-0.2681133753246472,0.4271496990062034,0.48549624650185563,-0.20839751505030948,0.08883088578244658,-0.4271496990062086,-0.24392765668941085,-0.0045923205505192495,0.07948562186723412,-0.22688941787832534,0.2758225950640726,0.04205045760450667,0.13823476287615033
247,-0.2590811887438417,-1.1029272204846874,0.3278668528549265,0.3673106866805886,-0.7997992551986365,-0.6343846136768687,0.9117550861951659,-0.36731068668059025,-0.650289426358729,0.7256728803195693,-0.7457362073658736,-0.6450012752118507,-0.7801079231124548,0.8308451085530251,-0.21922821438915116
248,0.34506446535752106,-0.938639790246922,0.3923954595517088,-0.3518880060115377,-0.5846373478122746,-0.7170535380769049,0.7929323537481715,0.35188800601153936,-0.7724902681188989,0.9916799480968175,-0.6879032308559658,-0.747599933897029,-0.6458919024837505,0.9088460862417906,-0.10833898431775099
249,0.34506446535752106,-0.8656231545856929,0.5513581196082923,0.37995311001061494,-0.8695060564025495,-0.5396546038041853,0.8664069279833736,-0.3799531100106166,-0.45076481518485506,0.6091075698345315,-0.8858869799390966,-0.4979776024279952,-0.8879166648824354,0.7479482352190585,-0.37562369181590827
250,-1.3163360834212292,-0.7323677945039498,-0.22769201626448918,-0.569181185246612,-0.5223286061460578,-0.08333140490706281,0.07561895700423737,0.5691811852466119,-0.2751545880549855,0.48285700307607343,-0.47392940554323465,-0.1786639678258201,-0.502532457624182,0.28726533377992663,-0.26550117715507315
251,0.7981737059335443,0.38478673111285533,0.20609160358851303,0.004562324391823417,-0.6778049443710547,-0.6428759482003091,0.773458074153397,-0.004562324391825167,-0.652072583677307,0.8173846841174298,-0.8027172570758948,-0.6502080703937994,-0.7515707127254684,0.8090643645552081,-0.7987011130532706
252,0.9492101194588854,1.5220208315364985,-1.9788363169519239,0.9891361929921438,-0.4021535616915453,-0.617488449690459,0.44132170781533536,-0.989136192992142,-0.6555067384233612,0.2702897217324968,-0.697947896286933,-0.6389805406961556,-0.5633687246472552,0.3603327105798591,-0.6112126735678781
253,0.7981737059335443,1.3668604807563867,-1.4896182649823355,0.37609822595931347,1.4086568814343974,-0.231435025862352,-0.21914532212453375,-0.3760982259593169,-0.2548340275088476,-0.36904748531789305,1.4481553758392194,-0.24402033646677881,1.4453497535867588,-0.30024525926885964,-0.49782559077526695
254,0.34506446535752106,-0.3654592003062736,-1.0614873546044379,-0.8328498830046778,0.03350938739247059,-0.6665139961031166,0.40187994620982254,0.8328498830046777,-0.6617862013377096,0.7750667511686253,-0.06540446267227225,-0.6670542573078593,-0.018520873911329224,0.6013821603444794,0.9221458159195999
255,0.6471372924082033,1.5475766540179285,-1.8791830654520194,1.0901223731056382,-0.08413728626669312,-0.679720895180452,0.6880215167849915,-1.090122373105638,-0.6117262222817839,0.21803664150670438,-0.21633345467697615,-0.6489945795225507,-0.15511752374843316,0.4567087896637007,-0.4225717499118873
256,0.9492101194588854,0.38113589932979386,-1.9449108309605625,0.33141875599080045,-0.476477916537598,-0.6223459234162937,0.5824023186288522,-0.3314187559908004,-0.6587943758051811,0.5376842866997201,-0.5743644109782624,-0.6430817791341641,-0.5336718651530066,0.5690239852021074,-0.2648984134675221
257,0.34506446535752106,1.6424982803775265,-1.854095550159952,0.9685598251914009,0.26537298140971327,-0.5594321493249719,0.5197293195920802,-0.9685598251914007,-0.6167756441232778,0.24941896335831407,0.11673740354927117,-0.590241272214765,0.1895948824252032,0.38876102679206326,-0.6504308901347025
258,0.9492101194588854,-1.4260258332856262,-1.63580957398107,1.743954591035841,-0.005309689669698401,-0.6769896407534998,0.8724667620524598,-1.743954591035844,-0.5971404010460644,0.19069781905136865,-0.41811575110925103,-0.6403822796670589,-0.22407691773677074,0.534823351688639,0.7455601660146309
259,0.7981737059335443,0.24605512335652005,-1.8288227281735177,-0.22829521374438888,-0.2762180546386794,-0.5326058249760843,0.33498086266035526,0.22829521374439057,-0.48610138085935223,0.2944191156757293,-0.12766680656456708,-0.5118834949665377,-0.20060601674880443,0.31961888044849174,-0.6241407491384737
260,0.9492101194588854,1.3139234199019956,-1.9986938185596212,0.9717266804680141,-0.44459167509306635,-0.5177812081095547,0.21535952424634439,-0.971726680468014,-0.5158774889218037,-0.10102430579300038,-0.37336563862909466,-0.5190767813578256,-0.41183163105041626,0.05550752618720523,-0.823173318767845
261,0.6471372924082033,1.0693176904368782,-1.7412041003195504,0.3000975783127419,0.19501498002294232,-0.541564770772226,0.42269817337098,-0.30009757831274536,-0.5863239315256424,0.4316328317123764,-0.10771601253760855,-0.5660661118295414,0.03680847928345683,0.4343710932238488,-0.6454641173492818
262,0.34506446535752106,1.7301182431710014,-0.34008702699217674,-0.027964904033431357,0.6451300648833295,-0.16011193602765694,-0.03820733553814564,0.027964904033433102,-0.14975393776121954,-0.012515860951229493,0.6293530182505307,-0.1556757376075206,0.6439918268979039,-0.02557271496283912,-0.8882766191328638
263,0.7981737059335443,2.323378407918488,-1.5601762947859172,0.029529053400507436,-0.5309409763763641,-0.4223040692601987,0.4701747732100805,-0.029529053400510933,-0.38503228873780154,0.38802026735748774,-0.4002418682492693,-0.40567608507062175,-0.46763810234320613,0.4355826260798778,-1.0441754192810788
264,0.6471372924082033,-0.6867323972156816,-0.7680966609310187,-0.8301126154688777,-0.9010717901445453,-0.6068156638923519,0.6503222135771503,0.8301126154688757,-0.5091722980222321,0.7735840107972705,-0.4992825870122618,-0.561095038252883,-0.6982859728284198,0.7248581588891515,0.3258775098655558
265,0.7981737059335443,1.8031348788322306,-1.2981098323851181,-0.41022644239002753,-0.259168398271603,-0.3749500073222207,0.2464989670347198,0.41022644239002565,-0.4125741355622433,0.4582812198300557,-0.16793681396209187,-0.3951985745076275,-0.213733928639423,0.360023556863251,-0.8143970794771013
266,0.34506446535752106,-1.5921386794149224,-1.2222975760298949,5.67252534654024,-0.2801487552698542,-0.666933021889132,1.83930876551097,-5.672525346540242,-0.6837657734368691,-0.48459339730712486,-0.7016956270125823,-0.6781498000064322,-0.5066230434313775,0.6694623131981675,4.997889207855088
