ECONOMICALLY_DISADVANTAGED,H_Female,AA_FEMALE,W_FEMALE,AA_MALE,W_MALE,H_MALE,AA,H,W,Expend_per_pupil,CHRONIC_ABSENT
0.6969012443091507,0.8018263927180556,0.3312866295955913,-0.3729125408481965,0.23542412879244137,-0.5503703127372377,1.0337306275510216,0.28561862839787183,0.9317888382787514,-0.4711106251318746,-0.5591589360731152,-0.3599520430755963
-1.1426736224610075,-0.522320287560066,-0.5823664327654494,0.7197817501785502,-0.508044284298079,0.5365835615325789,-0.4981372256715027,-0.5486341754903714,-0.5144179729970798,0.6371104401781569,-0.8715988247745802,-1.1913407362061168
-0.149304805484942,-0.7557855539012562,-0.5894085196077462,0.7117040080751988,-0.5839341960967551,0.7383870088008083,-0.7201619439871972,-0.589734582965134,-0.7440176647372528,0.7375690225613514,0.09206137227026677,0.47143665005492447
-0.1499036171262796,-0.5976242726053819,-0.5650790138102824,0.8634515606807607,-0.6180582549258192,0.5267240928270372,-0.4647737776389115,-0.5941655891369582,-0.533028936141632,0.7037175754052278,-0.301450049858613,-0.8230039208072346
0.3688510064327557,-0.23137801511586753,1.766711402757353,-1.523158924691657,2.0021998550974,-1.60171999815574,-0.0028715545823747362,1.8921673153071457,-0.11284459950960704,-1.5896233141694818,1.2400136414947098,0.061004362482729745
-0.19474220446958931,-0.7245362193707192,-0.7365014287639879,0.7312483764661057,-0.7173200954900015,0.9878868374761259,-0.812823052272262,-0.7308104697281901,-0.7779231004322228,0.8765114837549927,-0.08653427671931509,0.5345802003418871
-0.3316875147749392,-0.6258271490826975,-0.6013995543601073,0.6821766675750803,-0.6475649686952363,0.7880140933673194,-0.8174793693046227,-0.6273057763848247,-0.7328884064858358,0.7485266694603111,0.23724057768624468,-0.4125715806155027
-0.7896487502624765,-0.23842899699813025,-0.5931642003582023,0.5845217553388236,-0.6121082034547031,0.6859441740841122,-0.3266513049917743,-0.6055762322704907,-0.2872489486504463,0.6469324623752676,-0.6463754679290477,-1.0440060310943788
-0.19865965400296434,0.7933743572351281,-0.5807978250317306,0.3769281597328374,-0.6039440838711769,0.34954003789546556,0.6621184110702181,-0.5952228604957424,0.7314465475329663,0.369128343186604,-0.6949180614805408,-1.328151533809873
0.13557297545418778,-0.7156517186479133,-0.7005592015386845,0.7175380799185955,-0.7552742410715595,0.9583507258434283,-0.4247539746132816,-0.731200308269108,-0.5686806567787354,0.8543747243621538,-0.9760734448387044,-0.6861931758230156
1.1216369333734313,3.3910986539548427,0.19293045511233411,-1.2506580054065577,0.5865230965790367,-1.3063679079940276,3.4841329811833925,0.38842192047352564,3.471858175829594,-1.3006770495025086,0.10695117615475161,1.081823075039688
-0.6263651780392558,0.224759887818371,-0.2249840954760486,0.07572710609802946,-0.10589724991167428,-0.11832160621429727,0.18562487321190257,-0.1672927589395942,0.20618566485692,-0.02346612977729949,1.3885595728942866,-0.012663095312214259
0.5714783484522022,1.9328232356700852,0.9693436497323418,-1.0398585107107283,0.8887743798193494,-1.465801649664605,2.0529347483052107,0.9345144807335747,2.014286082734942,-1.2780095370456586,4.30002509992044,-0.5608699599377462
0.7133645885223248,-0.873179850499184,0.9644336127875051,-0.6265745284541574,0.9719121289908923,-0.5084641266021471,-0.9219246927030168,0.9730892217499603,-0.9070677864557212,-0.5760266424031066,-0.5658248605850551,-0.6651453081875155
0.06590809841175281,-0.3698514648591977,0.6637717495408222,-1.2157117700704045,1.0643131711191585,0.03793331768404051,-0.6275928070254925,0.8651185457693875,-0.5094322990598764,-0.5871763856271048,0.9529640759704168,-1.3071037503656333
-0.6253818353170244,-0.6412416448537508,-0.6680229899100973,0.771272722155602,-0.6661193749785852,0.9241743407572657,-0.9082314163230816,-0.6705178755152962,-0.7882379078852837,0.8635001766319466,-0.15579815225582624,-0.25471296799578347
-0.30390784515643915,-0.42919722903491087,-0.7457415901783304,0.956253612576507,-0.680156061080372,0.7047894038637759,-0.6636344177433647,-0.7171668780581878,-0.5570228230059088,0.8422386791462855,-0.3609658548896031,-0.7388126502194771
2.8792314762505886,-0.4429797152505819,2.9108611137943328,-2.3721544881701617,2.983483017199062,-2.430049374842949,-0.44317497513506876,2.9617185321491166,-0.447213540294367,-2.4422915653193455,1.32154339693995,1.4291122332812203
-0.4538990610587231,0.731648855745832,1.6401500900412578,-0.8765896397792459,0.3301441994282834,-1.002325861068289,-0.02522294107407819,1.001227729105409,0.33871199979228084,-0.9565342835013659,1.2446440955695741,-0.15999780042395192
-1.790346823321659,-0.20636519740627166,-0.20132807689929136,0.14018086277073072,-0.26495667692131575,-0.07595190860099614,-0.5508389256488696,-0.233806441112168,-0.3902312700366034,0.030644046606434706,-0.35894485462151104,-1.3071037503656333
-0.29630132373367685,-0.09628582030693594,-0.6610668154311181,0.812637800114297,-0.5741718693477509,0.40769874424163566,-0.22131864403720958,-0.6215262856422356,-0.16322264083267007,0.6167246943341741,-0.43824138065356105,-0.3704759505835776
-0.07811063778174236,-0.669053025911751,0.6213684363929002,-0.2588651483963325,0.6993580152161248,-0.5065263930603765,-0.5408676812356126,0.6631037071311787,-0.6075877546985682,-0.39148265652122405,0.42325459997493153,-0.3704759505835776
0.6027089097513555,-0.7425742015799303,1.582638385929034,-1.242252355759295,1.6316616534442143,-1.064761106945328,-0.878252778595192,1.6150032802065246,-0.821160327905811,-1.171381316794676,0.14925230348450136,0.03995644222769215
-1.4454734312263997,1.3791689812250238,-0.23608679545899774,-0.21649682220917782,-0.25654759547835954,-0.3659933239532326,1.4222525516037732,-0.24741195597687127,1.4147850294042867,-0.29756893090437414,-0.4897117717294744,-0.8440517884427348
0.24748787417918763,1.3176262121798894,-0.5194455131095507,0.13617573675453176,-0.5721778557780993,0.20019760306404363,1.2011555390735336,-0.5481753910952155,1.2683961259933518,0.17163064634498088,-0.6364151682784284,0.2714824074032804
3.7020322432230315,-0.9603461756589503,2.9296184449558638,-2.400128231375626,3.266281048767634,-2.455967140589573,-0.7402426872207802,3.111051690309822,-0.8530484609433433,-2.4696743459055486,1.5431636817084782,2.6919811342389743
-0.06629077337701711,-0.37461961722656917,-0.7186935215832183,0.7342918607342136,-0.7526274245694476,0.78887370095451,-0.3567063583431582,-0.7391586058135826,-0.3686515658729083,0.7749848495003349,-0.5502404885893403,-0.2652367702646897
1.7090243730535202,-0.8805033753627788,0.1656111590143656,-0.17082004632438816,0.7034860127001927,-0.11585399391779272,-0.37656932735227205,0.43226117200705233,-0.6225494740672799,-0.14525146012166817,1.8144311162609417,1.639590593918996
-0.6633909038381945,0.8437796094008305,0.7353610908408913,-1.1827210987841423,0.8830786556089711,-1.0061499725501453,1.189845666081231,0.8121396632438252,1.0344304643605164,-1.1113186335643024,-0.590829312589322,-0.5388584707112778
-1.077795095477476,0.4695227848494157,-0.09109174344184492,-0.05098417793212788,-0.03368087400240572,-0.23699658114532557,0.22008589869619244,-0.06318984599373886,0.3421551318903821,-0.1481615367744647,-0.8350761182590883,-0.9071952334906224
-1.0147668408045947,-0.09407152933666456,-0.08432265675208105,0.02330092360082582,0.02272352658419732,-0.1608438260112493,-0.15361647730420755,-0.03185797043889767,-0.1263987671288703,-0.07165176437767425,-0.6958393289058523,-0.39152376559953983
-1.9540518699103075,-0.42872255785574104,-0.5208576254889045,0.2173678535698612,-0.517547777095134,-0.09947178721062928,-0.35932387733901494,-0.5219007429342774,-0.3960657900078701,0.05699341075261942,-0.8151458721785265,-0.7072409908389782
-1.7726289593775488,-0.4207793901447388,-0.30932856320047086,0.3301755701871758,-0.313302682394074,0.10282375968551538,-0.1467823831934528,-0.3128832785736939,-0.279985219779644,0.218046285106436,-2.1045295730521048,-0.5608699599377462
-1.7843466595166568,-0.26446976901544866,-0.5356006837578373,0.3368129498460716,-0.48777660577341164,0.29375609916630363,-0.11901303582357692,-0.5147223019544124,-0.19010955982864292,0.3202209779100562,-0.6160604639076706,-0.9387669560145663
-0.047982580325172094,-0.37235262733403623,-0.4449645087799552,0.4315681211650315,-0.43505500766739125,0.5625608388675869,-0.41189550456834173,-0.4423560050687753,-0.3967102228014964,0.5067003791394535,-0.4003150677466265,-0.40204767310752115
-0.9290698986892042,0.2854675611350437,-0.1487974182220388,0.09483690418053597,0.06782212266805611,-0.24367787846657127,0.11175500358947092,-0.04251713157238331,0.19637918541718993,-0.07883499732894358,-0.4683248619711951,-0.7914322509028283
1.2908458357115624,-0.23421832477517823,2.901271217006794,-2.3858018306057174,2.877412895126015,-2.399478002540693,-0.5016906939096822,2.9044022792166158,-0.37767407482415527,-2.433274220247564,0.5430290120447532,2.0921184062840403
-0.5602340928713806,-0.5487173195388774,-0.6914626900152995,0.5692056324132212,-0.6915874757416355,1.071435737421922,-0.7272261602141654,-0.6950804861338378,-0.6481175641298323,0.8388887660052057,-0.6696676166035475,-0.5608699599377462
-0.446984433064437,-0.8401506927893108,-0.6055919472743835,0.7561943472038161,-0.6888693309186213,0.8804022930943662,-0.6361187794533762,-0.6498591227236853,-0.7402207538949364,0.8333094094124218,-0.3938710191591068,-1.0334821235863976
-0.5556348305091404,1.2353390301038092,0.0072610441070532685,-0.3735411447999495,0.18363398142801826,-0.4562722543064516,0.6215274867815289,0.09445551050034104,0.9226595594540618,-0.42270194041934134,-0.32877455228997404,0.050480454974748463
0.1620875674522785,0.5516420385880333,0.06617784475742564,-0.2390819516949841,0.23592271861128022,-0.4412636255280523,0.9478956893114076,0.15039996592570082,0.7660765088223916,-0.34781594993585874,-0.21458080205829597,0.7976777828023439
0.6632362935754539,-0.41844200963737066,-0.697396397471391,0.5308538226871576,-0.730200966081774,0.8588506335031696,-0.02328347003748001,-0.7171938762908874,-0.2136317803195862,0.7096724923716472,0.17360077449482897,0.1767671345923738
-0.030473671194663314,-0.4786520325146717,0.19982961745179584,0.09000885736844239,0.03908578969544223,-0.0047908849699485265,-0.46653185913000117,0.12142354043566662,-0.4767138138469792,0.042446916713555084,0.16522254665312108,-0.5493823782192591
-0.03616155623276474,-0.3107048475431349,-0.7468373223488256,0.7133876663924208,-0.7656988801089915,0.805689665634494,-0.11605591933676607,-0.7599989400494863,-0.21079377631128438,0.773257638947889,-0.7153837038135087,-0.4862389331713714
-0.2902109583576172,-0.7369160062423117,-0.6314567247956966,0.549629956464528,-0.6463921404571551,0.9111403313674216,-0.3472691681087088,-0.6420847929204997,-0.5379866134274959,0.7461192822942794,-0.4536376404524847,-0.4230954881234837
-0.2010980664676162,-0.9328512276478405,-0.7070707475960988,0.8784341672269056,-0.7075483070886254,0.8776021405394706,-0.8604330540441272,-0.7109431426058572,-0.9033005400989441,0.8928750505514598,-1.3107636300478245,0.5766757251347373
2.3911560573176405,-0.4148103771135259,3.1117436712433024,-2.3923057195740243,2.798550912220744,-2.429586302601746,-0.5555095855897482,2.9729785655607794,-0.492991936242156,-2.4521102001634065,-0.661680083324406,3.7548957925450805
0.12755178676973294,0.37373458032757606,-0.5127176267161658,0.31681785694601067,-0.4082883987373796,0.3222868546030891,0.3300924764922359,-0.46374934252917793,0.3541689921646213,0.3250132705097508,-0.29548834023722587,-0.21261733796385834
0.5192290933604962,-0.21787115555951728,-0.7618822082317608,0.6103350042475433,-0.7583622024954566,0.8880977336861975,-0.3642275804853651,-0.7640610416590145,-0.2972042868681105,0.7644888791724972,-0.7713157303261398,-0.0021391878042326838
0.09509884417381263,-0.018181299922886827,-0.6273150604940592,0.694273458686656,-0.6614163290646071,0.49887277380868805,-0.03480861846225456,-0.6473928993873675,-0.027132939299702428,0.6048520442232205,-0.7956449077778225,0.5977235401506998
2.1211503265335367,2.9156650781740643,1.894916623143109,-2.3732856425597713,1.8334364128605969,-2.465614432122405,3.450936290856835,1.8742807167001967,3.225568911111817,-2.461271186832707,1.251951530906469,1.5448750053908644
-0.3813971528245151,-0.6343861783744676,-0.6966556535994214,0.6987836361574443,-0.6664739494552776,0.8246257249236943,-0.36717450213263175,-0.6853237860317464,-0.49916767624798714,0.7757728806162061,-0.05089425051184464,-0.24418906048780217
3.039737138786308,-0.6887307002474164,2.9672546565761038,-2.3679152636961427,2.911934122591978,-2.3823326306630044,-0.4156584114551378,2.9551775790400967,-0.5509235315726905,-2.415468616552227,2.566706261398574,2.534122521619254
0.04511742371314312,-0.6504424024969989,-0.6705541787423871,0.9432040729066749,-0.7095090935770593,0.7455390245664067,-0.7576339193806723,-0.6932528889531387,-0.713123319783778,0.8568245471541768,-0.6150909625857458,0.008384719703748307
1.7210395526440947,2.8809067142663594,2.1349333768588505,-2.2632502368912726,1.6949663300716244,-2.3145717720411705,1.954711092069796,1.9284973565028012,2.418578951103629,-2.32814001461207,0.786557132654983,1.4080644182652577
0.6835652884238147,3.8188016196061403,0.6072511949026286,-1.75576730667818,0.7093613720131424,-1.5741601824418257,3.9593450914513397,0.6608333887732908,3.9286424355888343,-1.6914588269608786,1.1996708103674554,0.9976320254539883
-0.5150797275968899,0.9617956479309075,-0.6444968921826454,0.18855655323804255,-0.6488071664164499,0.42880258636190005,1.3863251464712367,-0.6499414643185746,1.1949892580004313,0.31614427625366215,0.08829430494477762,-0.19156952294789578
0.19297233130719532,0.6486361247034221,0.1295849733259427,-0.5382299268455684,0.26380533752495006,-0.43681520317199424,0.526645691139537,0.19657826455474167,0.590252455579295,-0.49483113813731605,0.3262610572755095,0.35567366746713036
-0.4791474262590146,-0.7506534516533564,-0.6874329853912723,0.818114914071566,-0.6932194827500688,0.7628362726044594,-0.4576823564983807,-0.6938278701119487,-0.6029136853824402,0.8033430311252402,-0.4452738827797611,0.029432429480635847
0.2634195080485464,-0.6185384766431382,0.33879845886095106,-0.693618330079937,-0.33287002038442864,0.6388891352346461,0.08036740350414005,0.008626611606130636,-0.25516292826250386,-0.015410359717748979,4.133680860670603,4.459997595579827
-0.2970647163957057,0.6343289722353872,-0.16515609425974284,-0.035825417638909084,-0.15148492752265236,-0.011459225104090124,0.6214059137358094,-0.15924968155817154,0.633418346434632,-0.023815514263721183,-0.8802664559959664,0.41881711251501863
0.059999637439712,-0.6772562433143463,-0.25983655028617925,0.25965675686783235,-0.25230108810363105,0.6188572746496263,-0.6150068477271879,-0.2574491139729311,-0.6506930606139725,0.45004089493408533,-0.8797310597435604,-0.32838032055165245
0.41252125846063514,-0.7849393448220983,-0.20617738980240283,0.8020716564774791,-0.3193455367734482,0.11806076002412035,-0.5909454549510175,-0.26316134509313427,-0.689796385611646,0.46148079141086273,0.6068713976019443,-0.10737815764497048
-1.2813406538214767,0.259450179111422,-0.33393402317758253,0.2408582169390842,-0.4202248817405968,0.19685049132706364,0.1563382928269339,-0.37829323618349053,0.20740857272124677,0.22214940528330074,-1.0367950972850233,-0.5704301932352217
-0.59198618634462,-0.3120347380857576,-0.4421124412701088,0.31793065153256994,-0.3417556714525123,0.426594960556443,-0.37669444449189915,-0.39479350231134547,-0.34909591548517627,0.3795777644611784,0.5411478900768398,0.29253022241924265
-1.216605329032802,-0.0018880353018626997,0.1405185690030107,-0.1451773305656309,0.14851408810163133,-0.47019339561468576,0.24787002585773732,0.14519233980624466,0.1300098507666342,-0.3159232019581522,-0.7807165167760467,-0.99138654617401
-1.22158429702391,-0.25101068231270807,-0.054798724004212915,-0.08633720083122966,0.043295869394452506,-0.16910520425330172,-0.111714569344608,-0.006605750542780634,-0.17977884386783008,-0.1306548012222382,-0.19173722862229872,-0.11790217039202679
0.44108052475701887,-0.8805033753627788,-0.7142920579481249,0.8803761133204111,-0.7724836999704914,0.9662062140023169,-0.8298061656511423,-0.7467218026936262,-0.8619369839666687,0.9397221185960137,-0.34905208242614993,-0.2968085980277083
0.1071345508121726,-0.6070122527823656,-0.4769978858676423,0.5751484046009055,-0.3753955790505881,0.5744045503176992,-0.5340466039262962,-0.4292428603537367,-0.5741340226269541,0.5845003822877336,-0.21967430154064638,0.10309988727558043
-0.8601108799786614,-0.2837853441765096,-0.6858374763050593,0.9181372705856683,-0.7176365326677113,0.5364968030745547,-0.39903789129779177,-0.7050786208462742,-0.34730487979596775,0.7360738786709334,-0.753097787575346,0.6292952626746434
-0.1614184454519191,-0.6416697180590686,-0.4410491360276867,0.5687306160108905,-0.3862849001005228,0.5213958654060095,-0.5323717614251882,-0.41625490904500245,-0.5899249136352644,0.5538499308421031,-0.26137732855239204,0.5871997378817936
-0.8892767477778025,0.3523469682208239,-0.3808410186437201,0.1441174063858474,-0.24891720925568747,0.21666156757175659,0.5187739670702906,-0.31760767748408275,0.44353479603254686,0.1841194728482987,-0.38335120630777486,0.3872453899910742
0.1850192464133298,-0.5671291446982697,0.20452904687142912,-0.10913518202033175,0.33466451610536074,-0.04233928306607779,-0.4015927552776754,0.2698891615717342,-0.48498563700064246,-0.07639698206572157,-0.2561584209388473,-0.9387669560145663
0.15464400842920561,2.173623142883756,-0.17477739778410542,-0.4753641414556566,-0.025725982897859975,-0.3896067905630029,2.303634547661163,-0.10202044676029869,2.2625602559796194,-0.4390081830196512,-0.25311486206255657,0.19781505484741138
0.7672898559905855,-0.6785168222467467,-0.167034598920305,0.4137991713328255,0.20583879030987692,0.04202742057732837,-0.7105498964150475,0.01636689324959417,-0.7017628593381239,0.22830731023017367,0.41489566569186936,0.8818690428661942
-1.702360969876187,-0.50518875633308,-0.7077047066287242,0.6217596955822501,-0.7129677979665009,0.7130238144042852,-0.49372789160766384,-0.7139451987049447,-0.50384621621865,0.6795410294972815,-0.0420240369246831,-1.3071037503656333
0.29811745839014536,0.7467196116977506,0.5671580685278873,-0.5266073990946843,0.49358558622169574,-0.9341533223268735,0.8265957335218604,0.5337180538689326,0.7958710368776694,-0.7465434191403579,-0.24197765533457571,-0.19156952294789578
-0.9854286758007628,-0.16811707899800676,-0.586502410188341,0.738323581436206,-0.6334375806347058,0.4761302679813574,-0.4871806986037821,-0.6127124031328393,-0.33820555977904765,0.6150637849233715,-0.5679230350877281,-0.8650996034586973
1.0552392011732965,0.07838081386514993,-0.3302491369052814,0.25934568144256903,-0.31084211893420916,0.5429881020746246,-0.5611208543242672,-0.3223573330117062,-0.2586558854520415,0.41060179474508196,0.5977069572454421,-0.9282430485065848
-1.9342137592549455,-0.3873230888622667,-0.6200163211703233,0.4429971194602651,-0.6571538767141902,0.2697618940165184,-0.6767882902681356,-0.641557046444809,-0.5438225316924107,0.3607985686960192,-0.6031289562256802,-0.49676284067935267
-0.22984061339347192,-0.3544309119631464,-0.16017627879711818,0.30158458042643516,-0.07459143048024719,0.2052072401282444,-0.48295337713670883,-0.11870711613880056,-0.42561801672972494,0.2567877146090524,-0.4142884275954613,-0.5608699599377462
0.7926883635596415,-0.26493663176284804,1.6850591100121428,-1.4502154933497053,1.80283612984015,-1.379829440166307,-0.3050284361029286,1.7519263615308973,-0.2885825238728202,-1.4383225583376202,-0.6264403984588248,0.12414770229154241
-0.2934529385663018,-0.4333184626582243,-0.7497907988440984,0.7851052749345241,-0.7607696546318351,0.7419697511617297,-0.10370225123356461,-0.7590722599380187,-0.2632646484104592,0.7760620557771469,-0.7573857809842564,-0.20209343045587705
0.09382241877609791,-0.8882693715501256,-0.7267393560291989,1.0034861269444184,-0.7162457624591071,0.8587875763122507,-0.9628397133703559,-0.7252913581073965,-0.935938348580969,0.945552357054915,-0.0073631588184594225,-0.11790217039202679
-0.9643368995969411,-0.6576465147865804,-0.7026609358543698,0.7134951308630774,-0.6992526441425353,0.865701492181166,-0.7247888927033672,-0.7045904045381114,-0.6992417306949551,0.8043844307335456,0.47049970170753025,-0.11790217039202679
-1.1953433316974862,-0.32988390939392187,-0.5442492648360813,0.44964385088000025,-0.5627862417710948,0.6667906553352106,-0.3929545658213859,-0.5562085939557607,-0.3662722331487508,0.5696913169416797,0.5158636814722164,-0.5608699599377462
-0.1645218794978396,-0.39402936878263634,-0.23251788915446495,0.2828176184262813,-0.07740755217702172,0.381187595416939,-0.5229720203583357,-0.1570637923242614,-0.4658076521093468,0.3385400372737574,0.35084587437924153,-0.9071952334906224
-0.3638826469027679,0.5665669039508361,-0.612643646367273,0.47912920746475324,-0.6118694800446527,0.4070034681816455,0.5202042563979804,-0.6154118535339524,0.5473625192023919,0.4498952183497368,-0.6693203325479321,-0.07580654036010195
0.637793407223742,-0.19972694088882056,-0.10792319861429711,-0.0176596320624277,0.012004311695570702,0.2669111422575835,-0.2978120689569619,-0.04921440212956987,-0.2533952802302225,0.12938752996059477,0.21549673709302802,1.5448750053908644
-0.5719009521918758,-0.00946906884278581,-0.7004814152877459,0.6878873988363785,-0.6774149595971117,0.5841853669572515,-0.1564442726483795,-0.6926853215915054,-0.08718571625503681,0.6458379464096493,-0.192369092667931,-0.9177192041420487
3.431495502231609,-0.16848345154302777,2.3786537082486228,-2.4031521985760698,3.25227120084744,-2.425371769450904,0.2117990219847032,2.822597066705306,0.030800451453609608,-2.45534195958282,1.35498395746186,-0.4441433031394463
1.8792518826993039,-0.26115937234595277,2.43150571772823,-2.0410422014191547,2.504750024027875,-2.0021858596483395,-0.45881170479035227,2.480205422618047,-0.3679892762451981,-2.0554774035940166,0.2887640260484319,4.0811369252925
-0.8889672057315944,-0.2086074581179919,0.010871984168843602,-1.267904295854913,0.33620272458612144,0.7105498739101953,0.18100980465569066,0.1716945774887033,-0.004767318509864549,-0.2649581216254295,-0.26892593337235376,-1.3176276263018922
0.5591627195604031,-0.7225153738114236,0.16628541435303426,0.0576803102769064,0.157150361271238,0.07057143536135739,-0.7164540196574877,0.16262639287193795,-0.7260512356418166,0.06533164065697152,-0.5600271462121519,0.19781505484741138
-0.4700181498706024,-0.1557082363522834,-0.6934513688138639,0.5704108669925511,-0.5826201042289684,0.7262357781828362,-0.17578401160190493,-0.6422489274657202,-0.16776366800578513,0.66075140888237,-0.14308369710859456,0.3977692974990555
-0.7246563967281625,-0.8740306277600454,-0.6094022524001153,0.6516896977534091,-0.5108436978851403,0.7702363962334482,-0.4824795617708722,-0.5638322830941799,-0.6753740384233622,0.7241042175342065,0.33421000343735957,-0.28628479575880234
-0.9648504857649086,-0.10530263258506743,-0.2836642272126179,0.24048938441213027,-0.35599858798917594,0.2826507991790029,-0.0860383862852076,-0.32086811091540596,-0.0961097009501595,0.26639131306900266,-0.5363491263647471,-0.7598605809984221
-0.1847794599734085,-0.5045569295754987,-0.08879797624414196,0.07783317080150055,-0.27686478696972794,0.4811382331276124,-0.4576823564983807,-0.18219046896425514,-0.4845039293738595,0.2879756948463992,-0.25732568123688604,-0.97033867853851
1.4574193603619279,2.9976245025239185,1.7406960218101557,-2.3424542096163417,2.035207650021905,-2.2741160796056192,2.505140271340877,1.8951852572879888,2.765459802249651,-2.3467270572147743,-2.0344650148318153,-0.30733250553568986
0.8084046938982173,1.4425431763036636,0.8513179680927986,-1.0593197182643308,0.7606095249033544,-1.1337995993462766,1.3451946171048363,0.8108713908978583,1.404577701263753,-1.1158182388177034,1.2912187461392501,0.48196055756290573
0.47166523342646954,-0.6383050394004215,-0.7095099752472419,1.091273795312523,-0.6833673035309495,0.5417645503193687,-0.6038915304121092,-0.7002401599917202,-0.6260808115580317,0.8252218331370781,0.7255943107255987,1.4712078633131453
0.5138255482337001,3.5964867739672783,0.6780530248024674,-1.8326906809365997,0.8661024693713998,-1.8883875803479282,3.57182875260531,0.7744674224538206,3.6169995638531045,-1.8925566747410285,1.0844207377999486,0.6713908927065685
0.12596471002959506,-0.44747996599600554,-0.5859479904421153,0.8086804449239474,-0.5695859821448225,0.584375444391216,-0.7858827646330051,-0.5808759567584136,-0.6303878821020104,0.7062297287880394,-0.7560062915411199,0.8397734128342691
0.14972596552652684,0.4036382850276164,-0.6888702843328021,0.3423832143938111,-0.6767783179207865,0.6323240716815727,0.8011779842417049,-0.6864376711001859,0.6173719071677293,0.498306362926586,-0.8366147795610482,0.29253022241924265
-0.11858407039689196,-0.29498547939851805,-0.6478356306291287,0.04676363749113015,-0.6115787517759822,1.2505694054778762,-0.3611630223297106,-0.6332505544881981,-0.332689356430721,0.6708664550278399,1.5845531883922386,0.6819148002145499
-0.20516056228114463,-0.9165079755184081,-0.6707462952408297,0.8437729462516584,-0.6870186465728956,0.9126171813994653,-0.8306565161920406,-0.6822370913861829,-0.8797097902497377,0.8937042621985206,-0.8503083828095271,-0.9282430485065848
-0.5112693821417003,-0.4812549169083434,-0.6240095907106126,0.6039160414910312,-0.6579429554072029,0.5884260988805171,0.1473018234087597,-0.6439874578460161,-0.15375575167374006,0.6061197632290586,-0.07904837596495101,-0.5178106556953153
-0.02143076191896813,-0.3919529839700538,1.3027441796180974,-1.1802178842354905,1.260595583330096,-1.0974563295206754,-0.02390326796577356,1.2886157667255385,-0.2012139016125341,-1.15734611615525,0.20869093428090957,0.6292952626746434
0.023990209316174373,-0.7319236519798807,-0.40503476422114604,0.4702581767000583,-0.147613784446971,0.4857318702221983,-0.7592021008390587,-0.2799096889279456,-0.7531564314576967,0.4862315698313637,-0.317921925552011,-0.7703844358868659
-0.2251613473687848,0.4786020846646292,-0.21317602701681646,0.09102563400104954,-0.2456430328846627,-0.003580077607284671,0.08359669569252068,-0.23031639195664522,0.27443372561964013,0.04358137311416888,0.14651744154653462,0.1767671345923738
0.49543894668795657,0.7026705222706197,-0.7333982438536496,0.36844066314385904,-0.7620274907999465,0.6408745038822091,0.8751179585215725,-0.7513175841081551,0.80030487774713,0.5157401089569255,-0.11727373903088761,0.8502973203422504
-0.49766551324983066,0.4290829087751327,0.1399222283399312,-0.4194204403593773,0.1866327613704872,-0.12058860544991015,0.10951626378518403,0.1637244911796825,0.26429750961110055,-0.2717908525532386,0.8744971729601138,-0.9282430485065848
-0.2571751865424274,-0.35792033211368884,-0.6713562525831436,0.87986440124553,-0.5825962556242541,0.5659663633791259,-0.4857789497100006,-0.6309469998055964,-0.4287893485612473,0.7322289905854585,0.3131414373967271,-1.1492451061741915
0.37023690305620055,-0.7752366702927128,-0.6368195298074042,0.9127373925346574,-0.6519374296557203,0.7225936955363379,-0.7235286396360385,-0.6475653554464771,-0.7551548002506149,0.829736506568092,-0.21104043404688927,-0.6230497307751279
0.48177644904542427,-0.14564765657707363,-0.47008086606938265,0.442217095120449,-0.38928745729461317,0.3997753165364102,-0.05513506000989559,-0.43257327136630097,-0.09919947127178254,0.4277280660671311,-1.1546739172179472,-0.20209343045587705
0.5228048850777018,-0.7446386782571693,-0.10371657422569559,0.28480189302442577,-0.120465845344167,0.3691972922970096,-0.6441524660039742,-0.11252686311053936,-0.6985081644670861,0.3333220953033665,-0.27821578186004936,0.10309988727558043
-0.6834734263866696,-0.42836605586718374,-0.6813963298368475,0.8259073534744088,-0.6912688360754082,0.6733557188882848,-0.525979694455357,-0.6897793263055048,-0.4839173794988943,0.7609010151963942,-0.08552136489043835,0.31357803743520524
-1.1784137823000465,-0.2683042683807555,-0.6691888708267884,1.8389244758439733,-0.68540822651065,-0.480891871467984,-0.6804538360783716,-0.6806454687442999,-0.4884924685236222,0.6688937411324962,5.007462014766469,-0.8440517884427348
0.612946495638714,0.7648401275741572,0.5021710865278496,-0.43065069647731596,0.34843205224777174,-0.6628469572161276,0.7747197969085298,0.4287814404412289,0.7771902788932902,-0.5581689772939966,-0.587472233385045,0.6819148002145499
-0.3150067630306347,-0.8061639453551288,-0.713394197522653,0.8041998437093468,-0.7105895269482373,0.8795397461020101,-0.7610938752967946,-0.7156771541467257,-0.789876458027567,0.8568245471541768,-0.24064639978805213,-1.0440060310943788
-0.5466141667062494,-0.7257777596481694,-0.7262820767966226,0.6141913311980717,-0.6720567697764518,0.9984715442068312,-0.5990621166821094,-0.7032210967940661,-0.6656176917403334,0.8235635198078455,-0.31388474840548836,-0.8966712628391961
-0.07354952379383545,-0.2556226693163576,-0.7476304010926185,0.7529525411909613,-0.7403354279178479,0.8428849562735853,-0.4091540644100155,-0.7478704864257327,-0.339097451964533,0.8122654059153177,-1.026304224771659,1.1449667305657256
2.646955438916686,1.4886882151249274,2.1861296572245292,-2.3919915926924946,2.6984039805107964,-2.451729998316758,0.8320622414447151,2.4505201625963493,1.1557577423281793,-2.4634190518080814,1.5382245306952897,1.3870166032492952
-0.9629403272517725,-0.530539525787678,-0.7075944009877093,0.9107407009745844,-0.6527114825294068,0.6386548093309831,-0.5448289882924302,-0.6841123441426755,-0.5430340067290307,0.7852776709091073,-0.3480343472076118,-0.9071952334906224
0.48107097000414106,-0.2667128114136429,0.6061815461291992,-0.4609520908634113,0.7691756652495493,-0.6401071279405686,-0.29916299571593713,0.6898448799174133,-0.2863391678191932,-0.5615194813769363,0.5212658778928909,-1.2229124587300606
-0.7202647673974447,-0.7453200904937745,-0.4931980034317693,0.7126877927389873,-0.5823216069869552,0.5967633107690897,-0.7714059007722962,-0.5397761370889707,-0.7660478693571096,0.6647296188149493,0.06933838357580246,-0.2652367702646897
-0.08933921721377776,-0.962722354710636,-0.7070009578452342,0.7842706327668476,-0.7756535908091735,1.0477173407759592,-0.6964689359821041,-0.7445626482943969,-0.831071645220561,0.9339565949247229,-0.005646032099030844,-0.49676284067935267
-0.24148641940325674,-0.6242302568424186,-0.7259768894007456,1.0656071796125597,-0.7765111799615169,0.7324181744449872,-0.6610962761435146,-0.7546827421947254,-0.6495227146193236,0.9111278022258117,-0.45188675000542705,-0.7914322509028283
-0.9206514174003119,-0.16543827714285284,-0.2788408362908501,0.18842284111457294,-0.11921050152005194,0.1575174551158279,-0.05722001518868966,-0.20139135493421034,-0.10982297894160498,0.17561048945227067,-0.4578966935234275,-0.47571502566339013
0.24931155021734672,-0.8450212909463696,-0.6874329853912723,0.8570771110857811,-0.5653127936544647,0.679668279997009,-0.7004115715371119,-0.6306210127256296,-0.7765219742672007,0.77972781625532,0.002741842521999878,-0.4441433031394463
-1.3067894759155745,0.017208961667355208,-0.375628151296939,0.34056940199469576,-0.33255699625728546,0.22686212669718406,-0.23464356450851429,-0.35627576742423295,-0.11565230003739654,0.2874593809346154,-0.6068719066028622,-0.5809539955041277
-1.1726669544314459,-0.02457136470171053,-0.3516798831816376,0.16502262086230807,-0.31431225867753004,0.3222763324695241,-0.2891953542437694,-0.33502281388739186,-0.16456776279943058,0.24923984044941416,-0.8458226304245023,-0.06528263285212038
-1.8346578196670864,-0.07709004882803405,-0.6819063907982706,0.6893334573109361,-0.6133806191793026,0.2178015700400643,-0.20573529104638671,-0.6515504184273865,-0.1457558550667146,0.45685214768874527,-0.41443795267496186,-0.7493366208709034
0.609480970387802,-0.6249770696145828,-0.656254913553244,0.7343845319219952,-0.7097430018326751,0.8517722422062407,-0.5893218183250715,-0.6860618523329524,-0.6119727063250389,0.8075989513749657,-0.4862244610043416,1.2607297131535204
-1.591521983660858,-0.00019170487312996149,-0.6791901625458729,0.8735069532002081,-0.5987972162051508,0.1906159177153461,-0.40309265351778234,-0.6429558925249529,-0.21299493905868713,0.53470531753411,0.7540040758307551,-0.6651453081875155
-0.7699782970998347,-0.7794902783242199,-0.6503092834322916,0.5710566275602323,-0.6658862092410468,0.9416486097929141,-0.691775790008752,-0.6613513197020905,-0.7404304296174088,0.7726110112346871,-0.5287329940895281,-1.012434308570435
-1.6968135917029183,0.19523015267040622,-0.5445103413287481,0.4244010236950568,-0.58798254000525,0.4302010533865929,-0.0994997477007403,-0.5687930974334819,0.04138222564622367,0.4345891991449029,-0.6373894929900146,-0.5283345632032965
1.3682120943347786,-0.4407487159790886,2.9193585504294983,-2.2181183511960185,2.1869019188472762,-2.164019442405874,-0.37424922219840556,2.57241899051154,-0.4097353620342467,-2.2276590586314815,0.4556629551093202,0.15571942481548626
0.9595267932318797,0.9264674936700461,2.406383660314236,-2.381156609539479,2.6567418217318255,-2.4569036117770033,0.9558206394517583,2.542477422931881,0.9506101532698006,-2.4606896267383367,0.22094716741031578,0.46091274254694314
-0.8400289380273299,-0.764315623390916,-0.7255717237431117,0.8114136533978887,-0.7314614605053004,0.9474621109586899,-0.7887103270839257,-0.7322137698031835,-0.7843273346385563,0.8955943911386237,-0.05827403669365917,-0.43361939563146495
0.6388691245653344,-0.8315187384243168,-0.7378970691739455,0.76247970482154,-0.7745784366971002,1.0396278597420692,-0.5016906939096822,-0.7598186131088763,-0.6650661746671713,0.9188911386472178,0.08139203433943334,-0.3704759505835776
-0.39827936611370773,-0.61416176479315,-0.6324783532983435,0.7714165407548912,-0.6910247118225025,0.8331421370900165,-0.7449557415652784,-0.6646626254481987,-0.6889705572678324,0.8164369631756462,0.15820451469590532,-0.17052170793193322
-0.6526824250834643,-0.5837696472452776,-0.7070939780350326,0.9047769517181328,-0.6792036232630738,0.6377872416340605,-0.33346479628697556,-0.696948095793925,-0.4570088869275052,0.7818516769471809,-1.074702116633313,0.16624333232346755
-0.11764444673948117,-0.3126485244009698,-0.6084660347602393,0.9377808428140332,-0.5694680870425699,0.36746668606614896,-0.47937941975371423,-0.5923239472198721,-0.4036266824136778,0.6583578332343785,-0.3901955962371829,-0.7914322509028283
1.2909554072447873,-0.4917781063605064,2.8782398075065334,-2.1876148958051305,2.4218098546209634,-2.229506815908041,-0.19499685210883347,2.667491173980807,-0.33961195757953055,-2.2463416823103244,2.711186075313661,1.2502058056455385
0.4347024972370361,-0.5653407065126821,-0.7190336457223647,0.7940897256124549,-0.7741180110826263,0.9871104161202062,-0.6669638967935145,-0.7499522723467771,-0.624287027751802,0.9074764721607974,-0.1001217653952449,-1.1808168286981355
-1.5159625607513956,-0.512958517811443,-0.4259057603526708,0.47180767466414725,-0.386724270438963,0.38683283540725555,-0.38561073146248137,-0.4087340815374514,-0.4504800734510526,0.43579667788854043,-1.0362066437463426,-0.5283345632032965
0.15372668934146708,-0.6540796578875042,-0.7222535419959216,0.864184221941793,-0.740278569030508,0.9207217535794302,-0.8561694065945386,-0.7348753442717455,-0.7669171859470416,0.9080888845499917,0.3766895961845776,-0.07580654036010195
0.24348716395675987,0.3074071145374908,1.690238567977507,-1.773318001559608,1.9296427040639461,-1.6315970629487389,0.7490975253035065,1.8172361767105376,0.5435626195350177,-1.7299590717499986,0.5381863288247914,0.34514965472007403
-0.3932698867657564,0.7506682499472411,-0.529025856061657,0.19965486193825693,-0.57848254026851,0.24063656644845297,1.2442187283935497,-0.5561862930242549,1.0183481663214027,0.22425463644180677,-0.9243667076693871,0.09257597976759857
-0.35726248213857525,0.30487724525266446,0.20989982335100996,-0.32609376056324985,0.1625050266612386,-0.2687864027228276,0.32757206059149163,0.18755852607837176,0.3197069535402519,-0.30194163347277747,-0.6672125112659371,0.5977235401506998
-0.15878800757473935,-0.45073275776637745,-0.6398188255879681,0.9037347964682761,-0.6550387847225099,0.5544468986628002,-0.6633541563847498,-0.6506305103464585,-0.5672366524064569,0.7381792102377287,-0.27910328555773173,-0.45466721064742754
0.43075556343527444,-0.8131130367889062,-0.5567785191091605,0.8343491628274888,-0.5989767581004773,0.6470270785973109,-0.6899981885462526,-0.5804948245908186,-0.7556691951806437,0.7514821670971809,-0.6692672752616582,0.07152816475163601
-0.6766297594935334,-0.7491191970732028,-0.04552149578548,0.3612745202328655,-0.07294056139531288,0.135897348216262,-0.6087442934429792,-0.0593051188691179,-0.6819623290624546,0.25069416920495474,-0.7454961254691104,-1.1702929211901543
-0.32384469485064366,-0.596035475576842,-0.28543281020662337,0.5457411330882095,-0.3072645015293011,0.416389078191403,-0.7549927929388992,-0.29768919779464975,-0.6855503633149149,0.48800401001727006,-0.52082745843463,0.23991068487933653
0.34536573119572667,-0.028251902766063333,-0.5425802429902686,0.45743526049040123,-0.57682367989461,0.5555975484034531,0.12021226863700091,-0.5622925526491181,0.04989943704959691,0.5160063787810618,-0.2533560315456224,-0.2652367702646897
-0.5813155447207679,-0.6394688078141969,-0.2520682644531943,0.21728989509460755,-0.17073786426713808,0.5042726378570251,-0.592843524978779,-0.2131740884759877,-0.6208055013144557,0.36956357804592094,-0.9660793814604557,-1.0440060310943788
-1.9003214016749426,-0.45982840489261745,-0.6248470711873089,0.5838698714688092,-0.6604409690209677,0.5356583381151727,-0.5559148978210045,-0.6456498207999707,-0.5148665111367591,0.5687915065969517,-0.2567227575292214,-1.2544842233496345
0.33748628666234415,-0.719567575180364,-0.6131381047917625,0.4903454316894911,-0.634635060954428,0.9684758414225572,-0.6098938017622517,-0.6269144377554443,-0.6683506558082344,0.7462150480943311,-0.06933406918705902,0.018908521972654566
0.29633807632134523,-0.8321622944255549,-0.5371263597179669,0.6403580893097482,-0.6301354379348656,0.7592320552643518,-0.5034494812194882,-0.5858504740107909,-0.666304766881983,0.7127502212984467,1.0205735288530962,-0.10737815764497048
-0.8111955304878576,-0.958217176964198,-0.6311344114753854,0.9602071177612173,-0.6277284090876017,0.7527832673991356,-0.8479474383848751,-0.6326971568643068,-0.9089108428893277,0.8690625001904115,0.1577945265746932,-0.13895009064706437
0.9122537182105366,2.837223211639537,-0.7438597299116827,-0.17574882920502924,-0.7776612150296613,0.20993585892224012,2.733034764303581,-0.7643888056093054,2.8086501938577904,0.020977064272032064,-0.15502640991001537,-0.7703844358868659
0.6456451332992117,1.2251808179335197,0.17842365899512905,-0.7426592567863366,0.35828399965201646,-0.5389438605997925,1.6222320419671603,0.26822174813081306,1.4463171544484643,-0.6497517802428685,0.27706730611973834,0.40829320500703675
-0.40741227510094385,-0.031600195118417614,-0.40547335590613176,0.3818154603777441,-0.3453026568798233,0.2628454949455539,0.31055961453179454,-0.3778244874010532,0.148824749975838,0.3266787901544682,-0.535321744366887,0.4503888350389619
0.5401377116523134,-0.08937127565862477,1.1482642927800353,-0.9878427570889815,1.1755791818191024,-0.8995987785698243,-0.20317106352072,1.167667744356067,-0.15031063201319575,-0.9588754110841865,0.42903784417885044,0.9765842104380257
-0.3711401347105091,1.4171690873730203,-0.7286269788139274,0.27876271081459114,-0.7403212247621006,0.2115577171281261,1.596957577526919,-0.7381531161816864,1.5253433411290258,0.24868444422139765,0.5092652844155348,0.18729104210035508
-0.07546263850463873,-0.9165079755184081,-0.6561454413591924,1.0433354187634865,-0.7323117108235522,0.7715391388647199,-0.9273535205570637,-0.6971585536538355,-0.9307825476552358,0.9202671437738685,-0.07908213969258097,0.9344885804061006
-1.6841803238673296,0.0017831153411026345,-0.14916938987269318,0.10089818941059077,-0.17100722425610448,0.11821793903643678,-0.2650187279834117,-0.1607280224063531,-0.1391178164957475,0.11157425880696831,-0.5974277096460037,-1.3071037503656333
0.24858056794630023,-0.656228088532673,-0.6452641486995611,0.774644138128247,-0.6537202913350785,0.813791669267456,-0.779260137792497,-0.6527614049118692,-0.7273294993723665,0.8080286467547182,-0.7906671696473432,-0.7809083433948472
0.6292391730756098,-0.5118079617099065,-0.3337730896294076,0.38548501088213344,-0.41123875498801005,0.6309532627004006,-0.7331955400092355,-0.3737703838305122,-0.6335114303412926,0.5191106686960606,-0.2139489380126628,-1.0019104010624538
-1.254152007597463,-0.24783739157114706,-0.3788122198782113,0.2484614175707251,-0.414261550952835,0.4567001396425919,-0.15839995225381276,-0.3982781943252506,-0.2029099735097985,0.36049044949028475,-0.8063673029949299,-0.27576078301174606
-0.4141815161014437,1.1379674345585296,-0.6959002415319673,0.17195966655861142,-0.7244105162112264,0.16318203015374602,1.7096572187071868,-0.7135679410839626,1.4505299155605247,0.17032598721838804,0.6978694669523492,1.6922099209807524
0.9620246791712789,-0.49880028578420393,-0.7441291053052068,0.6833345732890633,-0.7479965312214647,1.0964223954022254,-0.7854417132250624,-0.7498672374974414,-0.6548477888949753,0.908793454648962,-0.07011545831219274,-0.5914780082511842
1.4792575474892828,1.9992243970276489,0.7665640715862639,-1.160247483282218,0.8628762625543356,-1.1270204262636525,1.8052693906307584,0.8181004425586449,1.9154249314366254,-1.1626857810245395,0.41566740803768026,1.8711163486164335
0.16585363099904593,-0.27284854911817297,-0.5385469977462459,0.7111801131096639,-0.5697114291622595,0.5282915435107252,-0.3409968663773522,-0.5567170316840743,-0.31138691386759254,0.628523495049931,-0.45761693692307115,0.33462574721209276
2.069693205855997,-0.5446677379277473,2.705751628668499,-2.1107530356743487,2.248124980988469,-1.9400513678239244,-0.2719379571766276,2.493524540412894,-0.40569811552774143,-2.0581010532616633,2.245227340471801,2.5551706523524422
0.07325356405940227,1.1148202718137268,-0.1757308051993923,-0.00459924602196056,-0.27016559636988335,0.0642561758081576,0.5884605000528448,-0.22330082983409688,0.8472066627783177,0.03097511143462105,-0.4319227401972357,0.8713451353582129
-0.041625891279390266,1.051809285838994,0.7316170505774966,-0.6981206284015793,0.3338870216369034,-0.34417442297522094,-0.10779268800551337,0.5388359041833848,0.4491466099330944,-0.5266720442610353,0.5686412111463462,-1.012434308570435
1.620648294192567,0.6031007378529706,2.56655950275331,-2.3342403133198406,2.552534512765093,-2.394412328724931,0.5557043663133842,2.5728284489840587,0.5836910383212107,-2.4049145723577245,0.6588675381509403,0.8608212278502316
-0.6654566140839101,-0.6400132608732731,-0.577456008555547,0.626240210514611,-0.5983288460434295,0.743620928075894,-0.4513893768492283,-0.5907404147855482,-0.5463551886527884,0.6976201501636907,-0.32524865444755074,0.5977235401506998
0.10806962486471637,1.2234696214279839,-0.14607326398434084,-0.13092170756234342,-0.16301246672477415,-0.1655030202077319,1.3186541717396063,-0.15519524691745137,1.2851521418924055,-0.15104382599872865,-0.8223906034498247,-1.2123885512220793
0.035378897140827696,-0.37946130948814666,-0.3850305043510548,0.5143392538352527,-0.37046891273187643,0.23989861780183463,-0.44938618962378774,-0.37981487055967156,-0.41993214886666064,0.3809459877659623,0.609794371736702,-0.07580654036010195
-0.3475506847815587,-0.8544732561046261,-0.5231057941594458,0.737735114048188,-0.6013334322770637,0.7083277577916982,-0.778916145247617,-0.5644533490986543,-0.8225338079699798,0.7349981513831496,0.10062771230876484,-0.06528263285212038
-0.6678040906643972,1.6799087414032032,0.8279997917991769,-1.28334405794194,0.9244542530564613,-1.1799241813347467,1.1683551256497344,0.8799224260819324,1.4253846786623583,-1.2515216485137477,-0.6286109238064175,-0.5493823782192591
0.617671623498025,-0.6593208650434862,-0.715834803649629,0.7199587737036477,-0.6450498439186175,0.9632123092476228,-0.8821986809040392,-0.6845369130934909,-0.7831869643274202,0.858100253041105,-0.49451586783214563,-0.9387669560145663
-0.45465841038805516,0.22282531157983096,2.1887156675787747,-2.056885097187804,2.0946310559263086,-2.036352667039156,0.058383375914009196,2.153478828314775,0.13804930304798432,-2.0810763405406476,0.4174327686537222,-0.7177648983469594
0.8486082713112778,-0.6719753552082823,-0.6250251089949422,0.5789321046322429,-0.6397416712434912,0.954453021661272,-0.7897800552559173,-0.6355119504505338,-0.7404626607615242,0.7831719409325087,-0.2596698486122863,1.3133492506934261
-0.2116118231162935,3.5404228784930307,0.6196193126628541,-1.4962557554594733,0.5470842314891241,-1.507501868518067,3.573871971015593,0.586961747648644,3.591103499157334,-1.5274100846254481,-0.48418899056726616,-0.4441433031394463
-1.536627657050413,-0.37974242555515,-0.3307786861104334,1.2103933976464938,-0.7012585114698823,-0.0003093252509981543,-0.4383743507566635,-0.5155575753736549,-0.4142512511678118,0.6040028350173868,0.17989047461318577,-0.5608699599377462
-0.4025396729711794,-0.3853135905918647,-0.6920276091307032,0.8778749562857424,-0.6811313331954273,0.6771388794279678,-0.6667576075802688,-0.6902021007075642,-0.5375577213572715,0.7887992944518597,-0.1733601140126811,-0.6125258232671468
2.057670666090069,3.3668852725494918,2.089486392015366,-2.402162917310137,1.3963466178608808,-2.4598900339417713,3.8139488294865416,1.75770784114259,3.634407728516869,-2.472721161819699,1.256287758211993,-0.7493366208709034
-0.6562774748132825,0.7157229140943016,0.7704558656960933,-0.019028156971265885,-0.005977962602827974,-1.2067418633727645,-0.08827741983096354,0.3907327498321968,0.29774552608064925,-0.634329210323008,5.07434313581029,0.20833906759446771
0.779201955760545,-0.7225153738114236,-0.1743172632651606,-0.026961703926386058,-0.28042228818481774,0.7958629393017452,-0.545567072288266,-0.22764702540442308,-0.6357933453993416,0.39862710732006074,-0.3113428220539741,0.5345802003418871
0.46130698662981223,-0.7425742015799303,-0.7670251931138046,0.8786799133906913,-0.7498011118708354,0.9500771476890695,-0.8277843279435747,-0.7624584182310872,-0.794504249429674,0.9305240980455374,-0.7836105505728369,0.5135322800868496
0.9527692511129152,-0.9115030138552113,-0.7576629696246432,0.858148762870062,-0.713654646374526,0.9654301081993993,-0.720281350109372,-0.7398122424542961,-0.8190044499151083,0.9282255709649103,-0.4196520368988461,2.186833573855872
0.6652530655854714,-0.8136291496805397,-0.7346160402994206,0.8678253033655636,-0.7728820992451173,1.016040717283648,-0.7701613459735288,-0.7573038073509128,-0.7982575478357968,0.9592609305199453,0.44603546934533117,-0.6651453081875155
1.116336646359985,3.097390649134462,1.7042820897641222,-2.1176222789724086,1.539255608113906,-2.2089511528675017,2.883974877467013,1.6314969463189428,3.0135527033234357,-2.200761759761402,-2.0344650148318153,1.4396361407892015
-0.011505509098149319,1.7005656241602918,-0.4671662166593364,-0.010246399658923043,-0.5186700316425465,-0.11344694113772884,2.266782202215654,-0.4950201329146993,2.0154834163872803,-0.06385543697460871,-0.6037849372196196,-0.5493823782192591
2.896156820593533,-0.6552763306566748,2.7391693559281785,-2.2891202978120004,2.9956898210543526,-2.330720379104913,-0.4383743507566635,2.8800197934855465,-0.5468248535889019,-2.3494144385805695,1.7666602650552594,3.533893734877475
